case_id,start_time,end_time,duration_minutes
P280,2026-08-01 17:08:00+00:00,2026-08-01 17:42:00+00:00,34.0
P207,2026-08-01 10:25:00+00:00,2026-08-01 11:01:00+00:00,36.0
P122,2026-08-01 15:23:00+00:00,2026-08-01 16:04:00+00:00,41.0
P105,2026-08-01 17:18:00+00:00,2026-08-01 18:00:00+00:00,42.0
P277,2026-08-01 14:28:00+00:00,2026-08-01 15:10:00+00:00,42.0
P153,2026-08-01 16:54:00+00:00,2026-08-01 17:37:00+00:00,43.0
P067,2026-08-01 17:53:00+00:00,2026-08-01 18:37:00+00:00,44.0
P110,2026-08-01 16:50:00+00:00,2026-08-01 17:38:00+00:00,48.0
P139,2026-08-01 12:28:00+00:00,2026-08-01 13:16:00+00:00,48.0
P274,2026-08-01 09:10:00+00:00,2026-08-01 09:58:00+00:00,48.0
P132,2026-08-01 10:06:00+00:00,2026-08-01 10:54:00+00:00,48.0
P109,2026-08-01 15:45:00+00:00,2026-08-01 16:34:00+00:00,49.0
P191,2026-08-01 08:34:00+00:00,2026-08-01 09:23:00+00:00,49.0
P278,2026-08-01 12:35:00+00:00,2026-08-01 13:26:00+00:00,51.0
P076,2026-08-01 17:19:00+00:00,2026-08-01 18:10:00+00:00,51.0
P087,2026-08-01 08:14:00+00:00,2026-08-01 09:05:00+00:00,51.0
P290,2026-08-01 12:50:00+00:00,2026-08-01 13:42:00+00:00,52.0
P242,2026-08-01 08:37:00+00:00,2026-08-01 09:30:00+00:00,53.0
P227,2026-08-01 13:18:00+00:00,2026-08-01 14:11:00+00:00,53.0
P054,2026-08-01 08:35:00+00:00,2026-08-01 09:29:00+00:00,54.0
P107,2026-08-01 08:59:00+00:00,2026-08-01 09:53:00+00:00,54.0
P089,2026-08-01 15:38:00+00:00,2026-08-01 16:33:00+00:00,55.0
P066,2026-08-01 16:44:00+00:00,2026-08-01 17:39:00+00:00,55.0
P007,2026-08-01 16:29:00+00:00,2026-08-01 17:25:00+00:00,56.0
P123,2026-08-01 08:10:00+00:00,2026-08-01 09:06:00+00:00,56.0
P276,2026-08-01 18:50:00+00:00,2026-08-01 19:46:00+00:00,56.0
P200,2026-08-01 17:32:00+00:00,2026-08-01 18:28:00+00:00,56.0
P141,2026-08-01 15:23:00+00:00,2026-08-01 16:20:00+00:00,57.0
P267,2026-08-01 15:26:00+00:00,2026-08-01 16:23:00+00:00,57.0
P182,2026-08-01 16:44:00+00:00,2026-08-01 17:41:00+00:00,57.0
P262,2026-08-01 18:28:00+00:00,2026-08-01 19:26:00+00:00,58.0
P221,2026-08-01 08:15:00+00:00,2026-08-01 09:13:00+00:00,58.0
P293,2026-08-01 13:03:00+00:00,2026-08-01 14:01:00+00:00,58.0
P003,2026-08-01 14:23:00+00:00,2026-08-01 15:21:00+00:00,58.0
P059,2026-08-01 17:29:00+00:00,2026-08-01 18:27:00+00:00,58.0
P142,2026-08-01 15:11:00+00:00,2026-08-01 16:10:00+00:00,59.0
P203,2026-08-01 16:15:00+00:00,2026-08-01 17:15:00+00:00,60.0
P148,2026-08-01 10:13:00+00:00,2026-08-01 11:13:00+00:00,60.0
P212,2026-08-01 13:50:00+00:00,2026-08-01 14:50:00+00:00,60.0
P114,2026-08-01 12:20:00+00:00,2026-08-01 13:20:00+00:00,60.0
P117,2026-08-01 14:48:00+00:00,2026-08-01 15:48:00+00:00,60.0
P093,2026-08-01 15:29:00+00:00,2026-08-01 16:29:00+00:00,60.0
P039,2026-08-01 14:19:00+00:00,2026-08-01 15:19:00+00:00,60.0
P065,2026-08-01 11:23:00+00:00,2026-08-01 12:23:00+00:00,60.0
P103,2026-08-01 17:47:00+00:00,2026-08-01 18:47:00+00:00,60.0
P254,2026-08-01 11:34:00+00:00,2026-08-01 12:35:00+00:00,61.0
P092,2026-08-01 11:57:00+00:00,2026-08-01 12:58:00+00:00,61.0
P060,2026-08-01 10:40:00+00:00,2026-08-01 11:42:00+00:00,62.0
P288,2026-08-01 17:11:00+00:00,2026-08-01 18:13:00+00:00,62.0
P147,2026-08-01 08:02:00+00:00,2026-08-01 09:04:00+00:00,62.0
P239,2026-08-01 16:10:00+00:00,2026-08-01 17:13:00+00:00,63.0
P163,2026-08-01 11:00:00+00:00,2026-08-01 12:03:00+00:00,63.0
P033,2026-08-01 13:52:00+00:00,2026-08-01 14:55:00+00:00,63.0
P228,2026-08-01 10:05:00+00:00,2026-08-01 11:08:00+00:00,63.0
P125,2026-08-01 18:33:00+00:00,2026-08-01 19:36:00+00:00,63.0
P196,2026-08-01 13:15:00+00:00,2026-08-01 14:19:00+00:00,64.0
P252,2026-08-01 15:06:00+00:00,2026-08-01 16:10:00+00:00,64.0
P063,2026-08-01 14:26:00+00:00,2026-08-01 15:30:00+00:00,64.0
P106,2026-08-01 15:56:00+00:00,2026-08-01 17:00:00+00:00,64.0
P058,2026-08-01 18:23:00+00:00,2026-08-01 19:27:00+00:00,64.0
P069,2026-08-01 14:42:00+00:00,2026-08-01 15:46:00+00:00,64.0
P211,2026-08-01 15:55:00+00:00,2026-08-01 16:59:00+00:00,64.0
P166,2026-08-01 08:46:00+00:00,2026-08-01 09:50:00+00:00,64.0
P226,2026-08-01 17:38:00+00:00,2026-08-01 18:43:00+00:00,65.0
P214,2026-08-01 17:29:00+00:00,2026-08-01 18:34:00+00:00,65.0
P165,2026-08-01 10:45:00+00:00,2026-08-01 11:50:00+00:00,65.0
P099,2026-08-01 17:45:00+00:00,2026-08-01 18:50:00+00:00,65.0
P098,2026-08-01 12:52:00+00:00,2026-08-01 13:57:00+00:00,65.0
P046,2026-08-01 08:30:00+00:00,2026-08-01 09:36:00+00:00,66.0
P279,2026-08-01 15:24:00+00:00,2026-08-01 16:30:00+00:00,66.0
P256,2026-08-01 09:19:00+00:00,2026-08-01 10:25:00+00:00,66.0
P143,2026-08-01 09:45:00+00:00,2026-08-01 10:51:00+00:00,66.0
P217,2026-08-01 12:17:00+00:00,2026-08-01 13:23:00+00:00,66.0
P146,2026-08-01 10:42:00+00:00,2026-08-01 11:49:00+00:00,67.0
P197,2026-08-01 17:54:00+00:00,2026-08-01 19:01:00+00:00,67.0
P077,2026-08-01 17:19:00+00:00,2026-08-01 18:26:00+00:00,67.0
P100,2026-08-01 08:01:00+00:00,2026-08-01 09:08:00+00:00,67.0
P138,2026-08-01 08:56:00+00:00,2026-08-01 10:03:00+00:00,67.0
P204,2026-08-01 10:55:00+00:00,2026-08-01 12:03:00+00:00,68.0
P289,2026-08-01 11:53:00+00:00,2026-08-01 13:01:00+00:00,68.0
P272,2026-08-01 17:35:00+00:00,2026-08-01 18:43:00+00:00,68.0
P300,2026-08-01 08:01:00+00:00,2026-08-01 09:09:00+00:00,68.0
P218,2026-08-01 15:08:00+00:00,2026-08-01 16:16:00+00:00,68.0
P248,2026-08-01 18:37:00+00:00,2026-08-01 19:45:00+00:00,68.0
P273,2026-08-01 14:04:00+00:00,2026-08-01 15:13:00+00:00,69.0
P216,2026-08-01 09:12:00+00:00,2026-08-01 10:21:00+00:00,69.0
P127,2026-08-01 16:20:00+00:00,2026-08-01 17:29:00+00:00,69.0
P236,2026-08-01 10:35:00+00:00,2026-08-01 11:44:00+00:00,69.0
P174,2026-08-01 10:18:00+00:00,2026-08-01 11:28:00+00:00,70.0
P237,2026-08-01 09:15:00+00:00,2026-08-01 10:25:00+00:00,70.0
P181,2026-08-01 09:10:00+00:00,2026-08-01 10:20:00+00:00,70.0
P287,2026-08-01 11:58:00+00:00,2026-08-01 13:08:00+00:00,70.0
P094,2026-08-01 18:02:00+00:00,2026-08-01 19:13:00+00:00,71.0
P220,2026-08-01 13:16:00+00:00,2026-08-01 14:27:00+00:00,71.0
P264,2026-08-01 15:02:00+00:00,2026-08-01 16:13:00+00:00,71.0
P233,2026-08-01 14:02:00+00:00,2026-08-01 15:13:00+00:00,71.0
P210,2026-08-01 10:46:00+00:00,2026-08-01 11:57:00+00:00,71.0
P209,2026-08-01 11:54:00+00:00,2026-08-01 13:05:00+00:00,71.0
P294,2026-08-01 14:21:00+00:00,2026-08-01 15:33:00+00:00,72.0
P180,2026-08-01 08:37:00+00:00,2026-08-01 09:49:00+00:00,72.0
P151,2026-08-01 15:15:00+00:00,2026-08-01 16:28:00+00:00,73.0
P295,2026-08-01 11:59:00+00:00,2026-08-01 13:12:00+00:00,73.0
P255,2026-08-01 16:40:00+00:00,2026-08-01 17:53:00+00:00,73.0
P088,2026-08-01 16:22:00+00:00,2026-08-01 17:35:00+00:00,73.0
P168,2026-08-01 08:27:00+00:00,2026-08-01 09:40:00+00:00,73.0
P205,2026-08-01 15:24:00+00:00,2026-08-01 16:38:00+00:00,74.0
P199,2026-08-01 11:04:00+00:00,2026-08-01 12:18:00+00:00,74.0
P152,2026-08-01 18:51:00+00:00,2026-08-01 20:05:00+00:00,74.0
P230,2026-08-01 08:01:00+00:00,2026-08-01 09:16:00+00:00,75.0
P130,2026-08-01 12:23:00+00:00,2026-08-01 13:38:00+00:00,75.0
P029,2026-08-01 14:08:00+00:00,2026-08-01 15:23:00+00:00,75.0
P016,2026-08-01 10:36:00+00:00,2026-08-01 11:51:00+00:00,75.0
P244,2026-08-01 11:06:00+00:00,2026-08-01 12:22:00+00:00,76.0
P044,2026-08-01 11:54:00+00:00,2026-08-01 13:10:00+00:00,76.0
P048,2026-08-01 08:51:00+00:00,2026-08-01 10:07:00+00:00,76.0
P232,2026-08-01 17:56:00+00:00,2026-08-01 19:12:00+00:00,76.0
P208,2026-08-01 17:06:00+00:00,2026-08-01 18:22:00+00:00,76.0
P124,2026-08-01 12:21:00+00:00,2026-08-01 13:37:00+00:00,76.0
P052,2026-08-01 08:27:00+00:00,2026-08-01 09:44:00+00:00,77.0
P015,2026-08-01 11:02:00+00:00,2026-08-01 12:19:00+00:00,77.0
P045,2026-08-01 09:33:00+00:00,2026-08-01 10:50:00+00:00,77.0
P049,2026-08-01 13:04:00+00:00,2026-08-01 14:22:00+00:00,78.0
P002,2026-08-01 16:45:00+00:00,2026-08-01 18:03:00+00:00,78.0
P257,2026-08-01 09:14:00+00:00,2026-08-01 10:32:00+00:00,78.0
P017,2026-08-01 11:28:00+00:00,2026-08-01 12:46:00+00:00,78.0
P298,2026-08-01 10:53:00+00:00,2026-08-01 12:11:00+00:00,78.0
P245,2026-08-01 17:49:00+00:00,2026-08-01 19:08:00+00:00,79.0
P241,2026-08-01 16:46:00+00:00,2026-08-01 18:05:00+00:00,79.0
P185,2026-08-01 18:52:00+00:00,2026-08-01 20:11:00+00:00,79.0
P260,2026-08-01 17:53:00+00:00,2026-08-01 19:12:00+00:00,79.0
P299,2026-08-01 15:47:00+00:00,2026-08-01 17:06:00+00:00,79.0
P041,2026-08-01 16:21:00+00:00,2026-08-01 17:40:00+00:00,79.0
P172,2026-08-01 14:20:00+00:00,2026-08-01 15:40:00+00:00,80.0
P009,2026-08-01 10:56:00+00:00,2026-08-01 12:16:00+00:00,80.0
P251,2026-08-01 14:59:00+00:00,2026-08-01 16:19:00+00:00,80.0
P223,2026-08-01 15:14:00+00:00,2026-08-01 16:34:00+00:00,80.0
P250,2026-08-01 13:46:00+00:00,2026-08-01 15:06:00+00:00,80.0
P170,2026-08-01 12:47:00+00:00,2026-08-01 14:07:00+00:00,80.0
P188,2026-08-01 16:18:00+00:00,2026-08-01 17:38:00+00:00,80.0
P154,2026-08-01 11:21:00+00:00,2026-08-01 12:41:00+00:00,80.0
P121,2026-08-01 10:31:00+00:00,2026-08-01 11:51:00+00:00,80.0
P032,2026-08-01 16:23:00+00:00,2026-08-01 17:44:00+00:00,81.0
P081,2026-08-01 09:06:00+00:00,2026-08-01 10:27:00+00:00,81.0
P034,2026-08-01 08:42:00+00:00,2026-08-01 10:03:00+00:00,81.0
P072,2026-08-01 10:45:00+00:00,2026-08-01 12:06:00+00:00,81.0
P157,2026-08-01 11:45:00+00:00,2026-08-01 13:06:00+00:00,81.0
P193,2026-08-01 16:36:00+00:00,2026-08-01 17:57:00+00:00,81.0
P286,2026-08-01 14:02:00+00:00,2026-08-01 15:23:00+00:00,81.0
P179,2026-08-01 15:14:00+00:00,2026-08-01 16:35:00+00:00,81.0
P249,2026-08-01 10:12:00+00:00,2026-08-01 11:33:00+00:00,81.0
P268,2026-08-01 13:21:00+00:00,2026-08-01 14:43:00+00:00,82.0
P213,2026-08-01 13:42:00+00:00,2026-08-01 15:04:00+00:00,82.0
P225,2026-08-01 13:24:00+00:00,2026-08-01 14:46:00+00:00,82.0
P112,2026-08-01 18:38:00+00:00,2026-08-01 20:01:00+00:00,83.0
P108,2026-08-01 17:53:00+00:00,2026-08-01 19:16:00+00:00,83.0
P055,2026-08-01 10:57:00+00:00,2026-08-01 12:20:00+00:00,83.0
P184,2026-08-01 11:40:00+00:00,2026-08-01 13:03:00+00:00,83.0
P095,2026-08-01 14:08:00+00:00,2026-08-01 15:31:00+00:00,83.0
P202,2026-08-01 11:47:00+00:00,2026-08-01 13:10:00+00:00,83.0
P135,2026-08-01 17:36:00+00:00,2026-08-01 19:00:00+00:00,84.0
P020,2026-08-01 15:16:00+00:00,2026-08-01 16:40:00+00:00,84.0
P178,2026-08-01 12:02:00+00:00,2026-08-01 13:26:00+00:00,84.0
P162,2026-08-01 11:16:00+00:00,2026-08-01 12:40:00+00:00,84.0
P115,2026-08-01 13:20:00+00:00,2026-08-01 14:44:00+00:00,84.0
P050,2026-08-01 17:53:00+00:00,2026-08-01 19:17:00+00:00,84.0
P281,2026-08-01 12:51:00+00:00,2026-08-01 14:15:00+00:00,84.0
P101,2026-08-01 09:49:00+00:00,2026-08-01 11:13:00+00:00,84.0
P129,2026-08-01 09:17:00+00:00,2026-08-01 10:42:00+00:00,85.0
P224,2026-08-01 14:39:00+00:00,2026-08-01 16:04:00+00:00,85.0
P104,2026-08-01 15:05:00+00:00,2026-08-01 16:30:00+00:00,85.0
P001,2026-08-01 09:44:00+00:00,2026-08-01 11:09:00+00:00,85.0
P297,2026-08-01 11:08:00+00:00,2026-08-01 12:33:00+00:00,85.0
P150,2026-08-01 18:17:00+00:00,2026-08-01 19:42:00+00:00,85.0
P195,2026-08-01 14:01:00+00:00,2026-08-01 15:27:00+00:00,86.0
P175,2026-08-01 13:54:00+00:00,2026-08-01 15:20:00+00:00,86.0
P056,2026-08-01 18:09:00+00:00,2026-08-01 19:35:00+00:00,86.0
P198,2026-08-01 13:03:00+00:00,2026-08-01 14:30:00+00:00,87.0
P173,2026-08-01 14:13:00+00:00,2026-08-01 15:40:00+00:00,87.0
P120,2026-08-01 08:46:00+00:00,2026-08-01 10:13:00+00:00,87.0
P005,2026-08-01 18:36:00+00:00,2026-08-01 20:03:00+00:00,87.0
P037,2026-08-01 09:41:00+00:00,2026-08-01 11:08:00+00:00,87.0
P246,2026-08-01 16:49:00+00:00,2026-08-01 18:16:00+00:00,87.0
P283,2026-08-01 10:19:00+00:00,2026-08-01 11:46:00+00:00,87.0
P177,2026-08-01 17:53:00+00:00,2026-08-01 19:21:00+00:00,88.0
P031,2026-08-01 12:46:00+00:00,2026-08-01 14:14:00+00:00,88.0
P291,2026-08-01 10:17:00+00:00,2026-08-01 11:45:00+00:00,88.0
P078,2026-08-01 15:01:00+00:00,2026-08-01 16:30:00+00:00,89.0
P263,2026-08-01 11:46:00+00:00,2026-08-01 13:15:00+00:00,89.0
P140,2026-08-01 16:00:00+00:00,2026-08-01 17:29:00+00:00,89.0
P073,2026-08-01 15:36:00+00:00,2026-08-01 17:05:00+00:00,89.0
P238,2026-08-01 12:02:00+00:00,2026-08-01 13:31:00+00:00,89.0
P079,2026-08-01 16:53:00+00:00,2026-08-01 18:23:00+00:00,90.0
P271,2026-08-01 09:56:00+00:00,2026-08-01 11:26:00+00:00,90.0
P186,2026-08-01 16:19:00+00:00,2026-08-01 17:49:00+00:00,90.0
P091,2026-08-01 13:37:00+00:00,2026-08-01 15:07:00+00:00,90.0
P090,2026-08-01 12:48:00+00:00,2026-08-01 14:19:00+00:00,91.0
P136,2026-08-01 13:10:00+00:00,2026-08-01 14:41:00+00:00,91.0
P119,2026-08-01 14:34:00+00:00,2026-08-01 16:05:00+00:00,91.0
P282,2026-08-01 12:01:00+00:00,2026-08-01 13:32:00+00:00,91.0
P189,2026-08-01 09:23:00+00:00,2026-08-01 10:54:00+00:00,91.0
P018,2026-08-01 16:04:00+00:00,2026-08-01 17:36:00+00:00,92.0
P222,2026-08-01 12:16:00+00:00,2026-08-01 13:48:00+00:00,92.0
P075,2026-08-01 17:00:00+00:00,2026-08-01 18:32:00+00:00,92.0
P219,2026-08-01 17:56:00+00:00,2026-08-01 19:29:00+00:00,93.0
P061,2026-08-01 11:10:00+00:00,2026-08-01 12:43:00+00:00,93.0
P102,2026-08-01 10:47:00+00:00,2026-08-01 12:20:00+00:00,93.0
P284,2026-08-01 11:37:00+00:00,2026-08-01 13:11:00+00:00,94.0
P004,2026-08-01 13:50:00+00:00,2026-08-01 15:24:00+00:00,94.0
P024,2026-08-01 10:03:00+00:00,2026-08-01 11:38:00+00:00,95.0
P159,2026-08-01 13:29:00+00:00,2026-08-01 15:04:00+00:00,95.0
P161,2026-08-01 09:00:00+00:00,2026-08-01 10:35:00+00:00,95.0
P025,2026-08-01 17:01:00+00:00,2026-08-01 18:37:00+00:00,96.0
P019,2026-08-01 12:16:00+00:00,2026-08-01 13:53:00+00:00,97.0
P183,2026-08-01 15:11:00+00:00,2026-08-01 16:48:00+00:00,97.0
P012,2026-08-01 17:33:00+00:00,2026-08-01 19:10:00+00:00,97.0
P265,2026-08-01 10:20:00+00:00,2026-08-01 11:58:00+00:00,98.0
P053,2026-08-01 10:29:00+00:00,2026-08-01 12:07:00+00:00,98.0
P118,2026-08-01 15:32:00+00:00,2026-08-01 17:12:00+00:00,100.0
P270,2026-08-01 13:06:00+00:00,2026-08-01 14:47:00+00:00,101.0
P160,2026-08-01 09:03:00+00:00,2026-08-01 10:44:00+00:00,101.0
P247,2026-08-01 15:17:00+00:00,2026-08-01 16:58:00+00:00,101.0
P144,2026-08-01 16:14:00+00:00,2026-08-01 17:55:00+00:00,101.0
P013,2026-08-01 08:27:00+00:00,2026-08-01 10:10:00+00:00,103.0
P192,2026-08-01 12:55:00+00:00,2026-08-01 14:38:00+00:00,103.0
P030,2026-08-01 12:49:00+00:00,2026-08-01 14:32:00+00:00,103.0
P269,2026-08-01 09:49:00+00:00,2026-08-01 11:33:00+00:00,104.0
P145,2026-08-01 11:41:00+00:00,2026-08-01 13:25:00+00:00,104.0
P231,2026-08-01 17:43:00+00:00,2026-08-01 19:27:00+00:00,104.0
P038,2026-08-01 08:14:00+00:00,2026-08-01 09:59:00+00:00,105.0
P156,2026-08-01 15:57:00+00:00,2026-08-01 17:43:00+00:00,106.0
P240,2026-08-01 11:14:00+00:00,2026-08-01 13:00:00+00:00,106.0
P176,2026-08-01 16:16:00+00:00,2026-08-01 18:08:00+00:00,112.0
P014,2026-08-01 12:28:00+00:00,2026-08-01 14:23:00+00:00,115.0
P022,2026-08-01 14:33:00+00:00,2026-08-01 16:28:00+00:00,115.0
P235,2026-08-01 14:49:00+00:00,2026-08-01 16:44:00+00:00,115.0
P194,2026-08-01 13:17:00+00:00,2026-08-01 15:13:00+00:00,116.0
P266,2026-08-01 09:49:00+00:00,2026-08-01 11:48:00+00:00,119.0
P036,2026-08-01 15:06:00+00:00,2026-08-01 17:09:00+00:00,123.0
P275,2026-08-01 14:24:00+00:00,2026-08-01 16:28:00+00:00,124.0
P040,2026-08-01 08:40:00+00:00,2026-08-01 10:44:00+00:00,124.0
P057,2026-08-01 18:54:00+00:00,2026-08-01 21:03:00+00:00,129.0
P243,2026-08-01 11:16:00+00:00,2026-08-01 13:28:00+00:00,132.0
P253,2026-08-01 16:43:00+00:00,2026-08-01 18:56:00+00:00,133.0
P026,2026-08-01 08:40:00+00:00,2026-08-01 10:53:00+00:00,133.0
P285,2026-08-01 11:14:00+00:00,2026-08-01 13:27:00+00:00,133.0
P169,2026-08-01 14:35:00+00:00,2026-08-01 16:48:00+00:00,133.0
P292,2026-08-01 13:00:00+00:00,2026-08-01 15:14:00+00:00,134.0
P149,2026-08-01 18:29:00+00:00,2026-08-01 20:43:00+00:00,134.0
P155,2026-08-01 10:14:00+00:00,2026-08-01 12:29:00+00:00,135.0
P070,2026-08-01 09:54:00+00:00,2026-08-01 12:09:00+00:00,135.0
P086,2026-08-01 09:35:00+00:00,2026-08-01 11:53:00+00:00,138.0
P023,2026-08-01 18:33:00+00:00,2026-08-01 20:53:00+00:00,140.0
P010,2026-08-01 10:36:00+00:00,2026-08-01 12:59:00+00:00,143.0
P190,2026-08-01 16:52:00+00:00,2026-08-01 19:15:00+00:00,143.0
P068,2026-08-01 13:24:00+00:00,2026-08-01 15:48:00+00:00,144.0
P027,2026-08-01 17:16:00+00:00,2026-08-01 19:40:00+00:00,144.0
P126,2026-08-01 08:23:00+00:00,2026-08-01 10:48:00+00:00,145.0
P028,2026-08-01 15:11:00+00:00,2026-08-01 17:37:00+00:00,146.0
P234,2026-08-01 12:00:00+00:00,2026-08-01 14:26:00+00:00,146.0
P215,2026-08-01 17:50:00+00:00,2026-08-01 20:16:00+00:00,146.0
P137,2026-08-01 11:34:00+00:00,2026-08-01 14:01:00+00:00,147.0
P167,2026-08-01 11:59:00+00:00,2026-08-01 14:27:00+00:00,148.0
P097,2026-08-01 09:11:00+00:00,2026-08-01 11:39:00+00:00,148.0
P021,2026-08-01 18:04:00+00:00,2026-08-01 20:36:00+00:00,152.0
P131,2026-08-01 08:07:00+00:00,2026-08-01 10:40:00+00:00,153.0
P051,2026-08-01 12:03:00+00:00,2026-08-01 14:37:00+00:00,154.0
P229,2026-08-01 08:51:00+00:00,2026-08-01 11:25:00+00:00,154.0
P171,2026-08-01 12:11:00+00:00,2026-08-01 14:48:00+00:00,157.0
P116,2026-08-01 15:19:00+00:00,2026-08-01 17:58:00+00:00,159.0
P043,2026-08-01 16:26:00+00:00,2026-08-01 19:05:00+00:00,159.0
P158,2026-08-01 13:39:00+00:00,2026-08-01 16:19:00+00:00,160.0
P261,2026-08-01 18:26:00+00:00,2026-08-01 21:07:00+00:00,161.0
P206,2026-08-01 14:17:00+00:00,2026-08-01 16:59:00+00:00,162.0
P074,2026-08-01 18:55:00+00:00,2026-08-01 21:37:00+00:00,162.0
P083,2026-08-01 16:03:00+00:00,2026-08-01 18:46:00+00:00,163.0
P134,2026-08-01 13:51:00+00:00,2026-08-01 16:36:00+00:00,165.0
P085,2026-08-01 13:24:00+00:00,2026-08-01 16:10:00+00:00,166.0
P035,2026-08-01 08:01:00+00:00,2026-08-01 10:48:00+00:00,167.0
P084,2026-08-01 15:33:00+00:00,2026-08-01 18:20:00+00:00,167.0
P258,2026-08-01 13:01:00+00:00,2026-08-01 15:49:00+00:00,168.0
P082,2026-08-01 10:57:00+00:00,2026-08-01 13:45:00+00:00,168.0
P128,2026-08-01 10:03:00+00:00,2026-08-01 12:52:00+00:00,169.0
P062,2026-08-01 13:25:00+00:00,2026-08-01 16:14:00+00:00,169.0
P096,2026-08-01 16:20:00+00:00,2026-08-01 19:10:00+00:00,170.0
P071,2026-08-01 10:49:00+00:00,2026-08-01 13:41:00+00:00,172.0
P113,2026-08-01 11:00:00+00:00,2026-08-01 13:52:00+00:00,172.0
P133,2026-08-01 09:12:00+00:00,2026-08-01 12:04:00+00:00,172.0
P064,2026-08-01 14:22:00+00:00,2026-08-01 17:15:00+00:00,173.0
P201,2026-08-01 12:47:00+00:00,2026-08-01 15:42:00+00:00,175.0
P296,2026-08-01 18:18:00+00:00,2026-08-01 21:13:00+00:00,175.0
P259,2026-08-01 09:12:00+00:00,2026-08-01 12:08:00+00:00,176.0
P011,2026-08-01 12:46:00+00:00,2026-08-01 15:44:00+00:00,178.0
P008,2026-08-01 18:32:00+00:00,2026-08-01 21:30:00+00:00,178.0
P080,2026-08-01 08:18:00+00:00,2026-08-01 11:16:00+00:00,178.0
P047,2026-08-01 16:48:00+00:00,2026-08-01 19:48:00+00:00,180.0
P006,2026-08-01 15:39:00+00:00,2026-08-01 18:41:00+00:00,182.0
P042,2026-08-01 08:05:00+00:00,2026-08-01 11:10:00+00:00,185.0
P164,2026-08-01 17:00:00+00:00,2026-08-01 20:07:00+00:00,187.0
P187,2026-08-01 09:49:00+00:00,2026-08-01 13:12:00+00:00,203.0
P111,2026-08-01 12:53:00+00:00,2026-08-01 16:24:00+00:00,211.0
