Case_ID,Activity_Name,Timestamp
P001,Registration,2026-08-01 09:44:00
P001,Triage,2026-08-01 10:16:00
P001,Doctor,2026-08-01 10:41:00
P001,Discharge,2026-08-01 11:09:00
P002,Registration,2026-08-01 16:45:00
P002,Triage,2026-08-01 17:10:00
P002,Doctor,2026-08-01 17:28:00
P002,Discharge,2026-08-01 18:03:00
P003,Registration,2026-08-01 14:23:00
P003,Triage,2026-08-01 14:33:00
P003,Doctor,2026-08-01 15:00:00
P003,Discharge,2026-08-01 15:21:00
P004,Registration,2026-08-01 13:50:00
P004,Triage,2026-08-01 14:11:00
P004,Doctor,2026-08-01 14:48:00
P004,Discharge,2026-08-01 15:24:00
P005,Registration,2026-08-01 18:36:00
P005,Triage,2026-08-01 19:16:00
P005,Doctor,2026-08-01 19:47:00
P005,Discharge,2026-08-01 20:03:00
P006,Registration,2026-08-01 15:39:00
P006,Triage,2026-08-01 16:18:00
P006,Doctor,2026-08-01 16:58:00
P006,X-Ray,2026-08-01 17:34:00
P006,Triage,2026-08-01 17:49:00
P006,Doctor,2026-08-01 18:26:00
P006,Discharge,2026-08-01 18:41:00
P007,Registration,2026-08-01 16:29:00
P007,Triage,2026-08-01 16:46:00
P007,Doctor,2026-08-01 17:10:00
P007,Discharge,2026-08-01 17:25:00
P008,Registration,2026-08-01 18:32:00
P008,Triage,2026-08-01 19:04:00
P008,Doctor,2026-08-01 19:39:00
P008,X-Ray,2026-08-01 20:17:00
P008,Triage,2026-08-01 20:51:00
P008,Doctor,2026-08-01 21:13:00
P008,Discharge,2026-08-01 21:30:00
P009,Registration,2026-08-01 10:56:00
P009,Triage,2026-08-01 11:10:00
P009,Doctor,2026-08-01 11:49:00
P009,Discharge,2026-08-01 12:16:00
P010,Registration,2026-08-01 10:36:00
P010,Triage,2026-08-01 10:50:00
P010,Doctor,2026-08-01 11:25:00
P010,X-Ray,2026-08-01 11:55:00
P010,Triage,2026-08-01 12:18:00
P010,Doctor,2026-08-01 12:40:00
P010,Discharge,2026-08-01 12:59:00
P011,Registration,2026-08-01 12:46:00
P011,Triage,2026-08-01 13:07:00
P011,Doctor,2026-08-01 13:45:00
P011,X-Ray,2026-08-01 14:12:00
P011,Triage,2026-08-01 14:45:00
P011,Doctor,2026-08-01 15:05:00
P011,Discharge,2026-08-01 15:44:00
P012,Registration,2026-08-01 17:33:00
P012,Triage,2026-08-01 18:02:00
P012,Doctor,2026-08-01 18:36:00
P012,Discharge,2026-08-01 19:10:00
P013,Registration,2026-08-01 08:27:00
P013,Triage,2026-08-01 09:06:00
P013,Doctor,2026-08-01 09:42:00
P013,Discharge,2026-08-01 10:10:00
P014,Registration,2026-08-01 12:28:00
P014,Triage,2026-08-01 12:58:00
P014,Doctor,2026-08-01 13:21:00
P014,X-Ray,2026-08-01 13:31:00
P014,Triage,2026-08-01 13:47:00
P014,Doctor,2026-08-01 14:01:00
P014,Discharge,2026-08-01 14:23:00
P015,Registration,2026-08-01 11:02:00
P015,Triage,2026-08-01 11:18:00
P015,Doctor,2026-08-01 11:53:00
P015,Discharge,2026-08-01 12:19:00
P016,Registration,2026-08-01 10:36:00
P016,Triage,2026-08-01 11:00:00
P016,Doctor,2026-08-01 11:29:00
P016,Discharge,2026-08-01 11:51:00
P017,Registration,2026-08-01 11:28:00
P017,Triage,2026-08-01 12:08:00
P017,Doctor,2026-08-01 12:22:00
P017,Discharge,2026-08-01 12:46:00
P018,Registration,2026-08-01 16:04:00
P018,Triage,2026-08-01 16:22:00
P018,Doctor,2026-08-01 17:00:00
P018,Discharge,2026-08-01 17:36:00
P019,Registration,2026-08-01 12:16:00
P019,Triage,2026-08-01 12:56:00
P019,Doctor,2026-08-01 13:34:00
P019,Discharge,2026-08-01 13:53:00
P020,Registration,2026-08-01 15:16:00
P020,Triage,2026-08-01 15:53:00
P020,Doctor,2026-08-01 16:07:00
P020,Discharge,2026-08-01 16:40:00
P021,Registration,2026-08-01 18:04:00
P021,Triage,2026-08-01 18:14:00
P021,Doctor,2026-08-01 18:41:00
P021,X-Ray,2026-08-01 19:08:00
P021,Triage,2026-08-01 19:38:00
P021,Doctor,2026-08-01 20:13:00
P021,Discharge,2026-08-01 20:36:00
P022,Registration,2026-08-01 14:33:00
P022,Triage,2026-08-01 15:13:00
P022,Doctor,2026-08-01 15:53:00
P022,Discharge,2026-08-01 16:28:00
P023,Registration,2026-08-01 18:33:00
P023,Triage,2026-08-01 18:55:00
P023,Doctor,2026-08-01 19:29:00
P023,X-Ray,2026-08-01 19:52:00
P023,Triage,2026-08-01 20:16:00
P023,Doctor,2026-08-01 20:41:00
P023,Discharge,2026-08-01 20:53:00
P024,Registration,2026-08-01 10:03:00
P024,Triage,2026-08-01 10:36:00
P024,Doctor,2026-08-01 11:04:00
P024,Discharge,2026-08-01 11:38:00
P025,Registration,2026-08-01 17:01:00
P025,Triage,2026-08-01 17:36:00
P025,Doctor,2026-08-01 18:11:00
P025,Discharge,2026-08-01 18:37:00
P026,Registration,2026-08-01 08:40:00
P026,Triage,2026-08-01 08:59:00
P026,Doctor,2026-08-01 09:13:00
P026,X-Ray,2026-08-01 09:43:00
P026,Triage,2026-08-01 10:17:00
P026,Doctor,2026-08-01 10:30:00
P026,Discharge,2026-08-01 10:53:00
P027,Registration,2026-08-01 17:16:00
P027,Triage,2026-08-01 17:39:00
P027,Doctor,2026-08-01 18:04:00
P027,X-Ray,2026-08-01 18:38:00
P027,Triage,2026-08-01 18:53:00
P027,Doctor,2026-08-01 19:23:00
P027,Discharge,2026-08-01 19:40:00
P028,Registration,2026-08-01 15:11:00
P028,Triage,2026-08-01 15:41:00
P028,Doctor,2026-08-01 15:53:00
P028,X-Ray,2026-08-01 16:28:00
P028,Triage,2026-08-01 16:45:00
P028,Doctor,2026-08-01 17:04:00
P028,Discharge,2026-08-01 17:37:00
P029,Registration,2026-08-01 14:08:00
P029,Triage,2026-08-01 14:22:00
P029,Doctor,2026-08-01 14:53:00
P029,Discharge,2026-08-01 15:23:00
P030,Registration,2026-08-01 12:49:00
P030,Triage,2026-08-01 13:27:00
P030,Doctor,2026-08-01 13:58:00
P030,Discharge,2026-08-01 14:32:00
P031,Registration,2026-08-01 12:46:00
P031,Triage,2026-08-01 13:22:00
P031,Doctor,2026-08-01 13:40:00
P031,Discharge,2026-08-01 14:14:00
P032,Registration,2026-08-01 16:23:00
P032,Triage,2026-08-01 16:54:00
P032,Doctor,2026-08-01 17:20:00
P032,Discharge,2026-08-01 17:44:00
P033,Registration,2026-08-01 13:52:00
P033,Triage,2026-08-01 14:12:00
P033,Doctor,2026-08-01 14:27:00
P033,Discharge,2026-08-01 14:55:00
P034,Registration,2026-08-01 08:42:00
P034,Triage,2026-08-01 09:12:00
P034,Doctor,2026-08-01 09:27:00
P034,Discharge,2026-08-01 10:03:00
P035,Registration,2026-08-01 08:01:00
P035,Triage,2026-08-01 08:36:00
P035,Doctor,2026-08-01 08:55:00
P035,X-Ray,2026-08-01 09:22:00
P035,Triage,2026-08-01 10:00:00
P035,Doctor,2026-08-01 10:19:00
P035,Discharge,2026-08-01 10:48:00
P036,Registration,2026-08-01 15:06:00
P036,Triage,2026-08-01 15:29:00
P036,Doctor,2026-08-01 15:39:00
P036,X-Ray,2026-08-01 15:55:00
P036,Triage,2026-08-01 16:22:00
P036,Doctor,2026-08-01 16:35:00
P036,Discharge,2026-08-01 17:09:00
P037,Registration,2026-08-01 09:41:00
P037,Triage,2026-08-01 10:17:00
P037,Doctor,2026-08-01 10:30:00
P037,Discharge,2026-08-01 11:08:00
P038,Registration,2026-08-01 08:14:00
P038,Triage,2026-08-01 08:46:00
P038,Doctor,2026-08-01 09:25:00
P038,Discharge,2026-08-01 09:59:00
P039,Registration,2026-08-01 14:19:00
P039,Triage,2026-08-01 14:33:00
P039,Doctor,2026-08-01 14:46:00
P039,Discharge,2026-08-01 15:19:00
P040,Registration,2026-08-01 08:40:00
P040,Triage,2026-08-01 08:55:00
P040,Doctor,2026-08-01 09:13:00
P040,X-Ray,2026-08-01 09:34:00
P040,Triage,2026-08-01 10:08:00
P040,Doctor,2026-08-01 10:21:00
P040,Discharge,2026-08-01 10:44:00
P041,Registration,2026-08-01 16:21:00
P041,Triage,2026-08-01 16:40:00
P041,Doctor,2026-08-01 17:20:00
P041,Discharge,2026-08-01 17:40:00
P042,Registration,2026-08-01 08:05:00
P042,Triage,2026-08-01 08:38:00
P042,Doctor,2026-08-01 09:09:00
P042,X-Ray,2026-08-01 09:38:00
P042,Triage,2026-08-01 10:05:00
P042,Doctor,2026-08-01 10:41:00
P042,Discharge,2026-08-01 11:10:00
P043,Registration,2026-08-01 16:26:00
P043,Triage,2026-08-01 16:45:00
P043,Doctor,2026-08-01 17:25:00
P043,X-Ray,2026-08-01 17:42:00
P043,Triage,2026-08-01 18:21:00
P043,Doctor,2026-08-01 18:37:00
P043,Discharge,2026-08-01 19:05:00
P044,Registration,2026-08-01 11:54:00
P044,Triage,2026-08-01 12:23:00
P044,Doctor,2026-08-01 12:39:00
P044,Discharge,2026-08-01 13:10:00
P045,Registration,2026-08-01 09:33:00
P045,Triage,2026-08-01 09:48:00
P045,Doctor,2026-08-01 10:12:00
P045,Discharge,2026-08-01 10:50:00
P046,Registration,2026-08-01 08:30:00
P046,Triage,2026-08-01 09:08:00
P046,Doctor,2026-08-01 09:22:00
P046,Discharge,2026-08-01 09:36:00
P047,Registration,2026-08-01 16:48:00
P047,Triage,2026-08-01 17:03:00
P047,Doctor,2026-08-01 17:43:00
P047,X-Ray,2026-08-01 18:12:00
P047,Triage,2026-08-01 18:44:00
P047,Doctor,2026-08-01 19:14:00
P047,Discharge,2026-08-01 19:48:00
P048,Registration,2026-08-01 08:51:00
P048,Triage,2026-08-01 09:10:00
P048,Doctor,2026-08-01 09:41:00
P048,Discharge,2026-08-01 10:07:00
P049,Registration,2026-08-01 13:04:00
P049,Triage,2026-08-01 13:18:00
P049,Doctor,2026-08-01 13:55:00
P049,Discharge,2026-08-01 14:22:00
P050,Registration,2026-08-01 17:53:00
P050,Triage,2026-08-01 18:04:00
P050,Doctor,2026-08-01 18:40:00
P050,Discharge,2026-08-01 19:17:00
P051,Registration,2026-08-01 12:03:00
P051,Triage,2026-08-01 12:19:00
P051,Doctor,2026-08-01 12:53:00
P051,X-Ray,2026-08-01 13:08:00
P051,Triage,2026-08-01 13:38:00
P051,Doctor,2026-08-01 14:11:00
P051,Discharge,2026-08-01 14:37:00
P052,Registration,2026-08-01 08:27:00
P052,Triage,2026-08-01 08:50:00
P052,Doctor,2026-08-01 09:11:00
P052,Discharge,2026-08-01 09:44:00
P053,Registration,2026-08-01 10:29:00
P053,Triage,2026-08-01 11:07:00
P053,Doctor,2026-08-01 11:45:00
P053,Discharge,2026-08-01 12:07:00
P054,Registration,2026-08-01 08:35:00
P054,Triage,2026-08-01 08:56:00
P054,Doctor,2026-08-01 09:18:00
P054,Discharge,2026-08-01 09:29:00
P055,Registration,2026-08-01 10:57:00
P055,Triage,2026-08-01 11:07:00
P055,Doctor,2026-08-01 11:46:00
P055,Discharge,2026-08-01 12:20:00
P056,Registration,2026-08-01 18:09:00
P056,Triage,2026-08-01 18:40:00
P056,Doctor,2026-08-01 19:07:00
P056,Discharge,2026-08-01 19:35:00
P057,Registration,2026-08-01 18:54:00
P057,Triage,2026-08-01 19:08:00
P057,Doctor,2026-08-01 19:31:00
P057,X-Ray,2026-08-01 20:10:00
P057,Triage,2026-08-01 20:30:00
P057,Doctor,2026-08-01 20:52:00
P057,Discharge,2026-08-01 21:03:00
P058,Registration,2026-08-01 18:23:00
P058,Triage,2026-08-01 19:03:00
P058,Doctor,2026-08-01 19:13:00
P058,Discharge,2026-08-01 19:27:00
P059,Registration,2026-08-01 17:29:00
P059,Triage,2026-08-01 17:56:00
P059,Doctor,2026-08-01 18:13:00
P059,Discharge,2026-08-01 18:27:00
P060,Registration,2026-08-01 10:40:00
P060,Triage,2026-08-01 10:51:00
P060,Doctor,2026-08-01 11:28:00
P060,Discharge,2026-08-01 11:42:00
P061,Registration,2026-08-01 11:10:00
P061,Triage,2026-08-01 11:42:00
P061,Doctor,2026-08-01 12:21:00
P061,Discharge,2026-08-01 12:43:00
P062,Registration,2026-08-01 13:25:00
P062,Triage,2026-08-01 13:57:00
P062,Doctor,2026-08-01 14:21:00
P062,X-Ray,2026-08-01 14:48:00
P062,Triage,2026-08-01 15:28:00
P062,Doctor,2026-08-01 15:42:00
P062,Discharge,2026-08-01 16:14:00
P063,Registration,2026-08-01 14:26:00
P063,Triage,2026-08-01 14:43:00
P063,Doctor,2026-08-01 15:00:00
P063,Discharge,2026-08-01 15:30:00
P064,Registration,2026-08-01 14:22:00
P064,Triage,2026-08-01 14:43:00
P064,Doctor,2026-08-01 15:00:00
P064,X-Ray,2026-08-01 15:39:00
P064,Triage,2026-08-01 16:13:00
P064,Doctor,2026-08-01 16:37:00
P064,Discharge,2026-08-01 17:15:00
P065,Registration,2026-08-01 11:23:00
P065,Triage,2026-08-01 11:37:00
P065,Doctor,2026-08-01 11:48:00
P065,Discharge,2026-08-01 12:23:00
P066,Registration,2026-08-01 16:44:00
P066,Triage,2026-08-01 16:58:00
P066,Doctor,2026-08-01 17:21:00
P066,Discharge,2026-08-01 17:39:00
P067,Registration,2026-08-01 17:53:00
P067,Triage,2026-08-01 18:08:00
P067,Doctor,2026-08-01 18:27:00
P067,Discharge,2026-08-01 18:37:00
P068,Registration,2026-08-01 13:24:00
P068,Triage,2026-08-01 14:01:00
P068,Doctor,2026-08-01 14:13:00
P068,X-Ray,2026-08-01 14:25:00
P068,Triage,2026-08-01 14:46:00
P068,Doctor,2026-08-01 15:13:00
P068,Discharge,2026-08-01 15:48:00
P069,Registration,2026-08-01 14:42:00
P069,Triage,2026-08-01 14:56:00
P069,Doctor,2026-08-01 15:36:00
P069,Discharge,2026-08-01 15:46:00
P070,Registration,2026-08-01 09:54:00
P070,Triage,2026-08-01 10:17:00
P070,Doctor,2026-08-01 10:42:00
P070,X-Ray,2026-08-01 10:54:00
P070,Triage,2026-08-01 11:32:00
P070,Doctor,2026-08-01 11:50:00
P070,Discharge,2026-08-01 12:09:00
P071,Registration,2026-08-01 10:49:00
P071,Triage,2026-08-01 11:23:00
P071,Doctor,2026-08-01 11:56:00
P071,X-Ray,2026-08-01 12:07:00
P071,Triage,2026-08-01 12:26:00
P071,Doctor,2026-08-01 13:03:00
P071,Discharge,2026-08-01 13:41:00
P072,Registration,2026-08-01 10:45:00
P072,Triage,2026-08-01 11:18:00
P072,Doctor,2026-08-01 11:31:00
P072,Discharge,2026-08-01 12:06:00
P073,Registration,2026-08-01 15:36:00
P073,Triage,2026-08-01 16:12:00
P073,Doctor,2026-08-01 16:40:00
P073,Discharge,2026-08-01 17:05:00
P074,Registration,2026-08-01 18:55:00
P074,Triage,2026-08-01 19:33:00
P074,Doctor,2026-08-01 19:47:00
P074,X-Ray,2026-08-01 20:22:00
P074,Triage,2026-08-01 20:54:00
P074,Doctor,2026-08-01 21:19:00
P074,Discharge,2026-08-01 21:37:00
P075,Registration,2026-08-01 17:00:00
P075,Triage,2026-08-01 17:38:00
P075,Doctor,2026-08-01 18:06:00
P075,Discharge,2026-08-01 18:32:00
P076,Registration,2026-08-01 17:19:00
P076,Triage,2026-08-01 17:29:00
P076,Doctor,2026-08-01 18:00:00
P076,Discharge,2026-08-01 18:10:00
P077,Registration,2026-08-01 17:19:00
P077,Triage,2026-08-01 17:44:00
P077,Doctor,2026-08-01 18:08:00
P077,Discharge,2026-08-01 18:26:00
P078,Registration,2026-08-01 15:01:00
P078,Triage,2026-08-01 15:38:00
P078,Doctor,2026-08-01 16:01:00
P078,Discharge,2026-08-01 16:30:00
P079,Registration,2026-08-01 16:53:00
P079,Triage,2026-08-01 17:08:00
P079,Doctor,2026-08-01 17:47:00
P079,Discharge,2026-08-01 18:23:00
P080,Registration,2026-08-01 08:18:00
P080,Triage,2026-08-01 08:50:00
P080,Doctor,2026-08-01 09:29:00
P080,X-Ray,2026-08-01 09:48:00
P080,Triage,2026-08-01 09:59:00
P080,Doctor,2026-08-01 10:39:00
P080,Discharge,2026-08-01 11:16:00
P081,Registration,2026-08-01 09:06:00
P081,Triage,2026-08-01 09:34:00
P081,Doctor,2026-08-01 09:57:00
P081,Discharge,2026-08-01 10:27:00
P082,Registration,2026-08-01 10:57:00
P082,Triage,2026-08-01 11:20:00
P082,Doctor,2026-08-01 11:47:00
P082,X-Ray,2026-08-01 12:06:00
P082,Triage,2026-08-01 12:38:00
P082,Doctor,2026-08-01 13:12:00
P082,Discharge,2026-08-01 13:45:00
P083,Registration,2026-08-01 16:03:00
P083,Triage,2026-08-01 16:26:00
P083,Doctor,2026-08-01 16:50:00
P083,X-Ray,2026-08-01 17:05:00
P083,Triage,2026-08-01 17:38:00
P083,Doctor,2026-08-01 18:14:00
P083,Discharge,2026-08-01 18:46:00
P084,Registration,2026-08-01 15:33:00
P084,Triage,2026-08-01 16:13:00
P084,Doctor,2026-08-01 16:31:00
P084,X-Ray,2026-08-01 17:05:00
P084,Triage,2026-08-01 17:28:00
P084,Doctor,2026-08-01 18:02:00
P084,Discharge,2026-08-01 18:20:00
P085,Registration,2026-08-01 13:24:00
P085,Triage,2026-08-01 14:01:00
P085,Doctor,2026-08-01 14:30:00
P085,X-Ray,2026-08-01 14:53:00
P085,Triage,2026-08-01 15:10:00
P085,Doctor,2026-08-01 15:34:00
P085,Discharge,2026-08-01 16:10:00
P086,Registration,2026-08-01 09:35:00
P086,Triage,2026-08-01 09:56:00
P086,Doctor,2026-08-01 10:09:00
P086,X-Ray,2026-08-01 10:41:00
P086,Triage,2026-08-01 10:51:00
P086,Doctor,2026-08-01 11:22:00
P086,Discharge,2026-08-01 11:53:00
P087,Registration,2026-08-01 08:14:00
P087,Triage,2026-08-01 08:32:00
P087,Doctor,2026-08-01 08:48:00
P087,Discharge,2026-08-01 09:05:00
P088,Registration,2026-08-01 16:22:00
P088,Triage,2026-08-01 17:01:00
P088,Doctor,2026-08-01 17:21:00
P088,Discharge,2026-08-01 17:35:00
P089,Registration,2026-08-01 15:38:00
P089,Triage,2026-08-01 15:49:00
P089,Doctor,2026-08-01 16:12:00
P089,Discharge,2026-08-01 16:33:00
P090,Registration,2026-08-01 12:48:00
P090,Triage,2026-08-01 13:28:00
P090,Doctor,2026-08-01 13:52:00
P090,Discharge,2026-08-01 14:19:00
P091,Registration,2026-08-01 13:37:00
P091,Triage,2026-08-01 14:09:00
P091,Doctor,2026-08-01 14:30:00
P091,Discharge,2026-08-01 15:07:00
P092,Registration,2026-08-01 11:57:00
P092,Triage,2026-08-01 12:15:00
P092,Doctor,2026-08-01 12:25:00
P092,Discharge,2026-08-01 12:58:00
P093,Registration,2026-08-01 15:29:00
P093,Triage,2026-08-01 15:54:00
P093,Doctor,2026-08-01 16:11:00
P093,Discharge,2026-08-01 16:29:00
P094,Registration,2026-08-01 18:02:00
P094,Triage,2026-08-01 18:21:00
P094,Doctor,2026-08-01 18:57:00
P094,Discharge,2026-08-01 19:13:00
P095,Registration,2026-08-01 14:08:00
P095,Triage,2026-08-01 14:26:00
P095,Doctor,2026-08-01 14:57:00
P095,Discharge,2026-08-01 15:31:00
P096,Registration,2026-08-01 16:20:00
P096,Triage,2026-08-01 16:50:00
P096,Doctor,2026-08-01 17:05:00
P096,X-Ray,2026-08-01 17:41:00
P096,Triage,2026-08-01 18:07:00
P096,Doctor,2026-08-01 18:47:00
P096,Discharge,2026-08-01 19:10:00
P097,Registration,2026-08-01 09:11:00
P097,Triage,2026-08-01 09:35:00
P097,Doctor,2026-08-01 10:11:00
P097,X-Ray,2026-08-01 10:32:00
P097,Triage,2026-08-01 11:01:00
P097,Doctor,2026-08-01 11:17:00
P097,Discharge,2026-08-01 11:39:00
P098,Registration,2026-08-01 12:52:00
P098,Triage,2026-08-01 13:13:00
P098,Doctor,2026-08-01 13:43:00
P098,Discharge,2026-08-01 13:57:00
P099,Registration,2026-08-01 17:45:00
P099,Triage,2026-08-01 18:17:00
P099,Doctor,2026-08-01 18:32:00
P099,Discharge,2026-08-01 18:50:00
P100,Registration,2026-08-01 08:01:00
P100,Triage,2026-08-01 08:21:00
P100,Doctor,2026-08-01 08:37:00
P100,Discharge,2026-08-01 09:08:00
P101,Registration,2026-08-01 09:49:00
P101,Triage,2026-08-01 10:17:00
P101,Doctor,2026-08-01 10:48:00
P101,Discharge,2026-08-01 11:13:00
P102,Registration,2026-08-01 10:47:00
P102,Triage,2026-08-01 11:26:00
P102,Doctor,2026-08-01 12:01:00
P102,Discharge,2026-08-01 12:20:00
P103,Registration,2026-08-01 17:47:00
P103,Triage,2026-08-01 17:58:00
P103,Doctor,2026-08-01 18:23:00
P103,Discharge,2026-08-01 18:47:00
P104,Registration,2026-08-01 15:05:00
P104,Triage,2026-08-01 15:36:00
P104,Doctor,2026-08-01 16:15:00
P104,Discharge,2026-08-01 16:30:00
P105,Registration,2026-08-01 17:18:00
P105,Triage,2026-08-01 17:29:00
P105,Doctor,2026-08-01 17:50:00
P105,Discharge,2026-08-01 18:00:00
P106,Registration,2026-08-01 15:56:00
P106,Triage,2026-08-01 16:09:00
P106,Doctor,2026-08-01 16:34:00
P106,Discharge,2026-08-01 17:00:00
P107,Registration,2026-08-01 08:59:00
P107,Triage,2026-08-01 09:10:00
P107,Doctor,2026-08-01 09:36:00
P107,Discharge,2026-08-01 09:53:00
P108,Registration,2026-08-01 17:53:00
P108,Triage,2026-08-01 18:15:00
P108,Doctor,2026-08-01 18:49:00
P108,Discharge,2026-08-01 19:16:00
P109,Registration,2026-08-01 15:45:00
P109,Triage,2026-08-01 15:59:00
P109,Doctor,2026-08-01 16:16:00
P109,Discharge,2026-08-01 16:34:00
P110,Registration,2026-08-01 16:50:00
P110,Triage,2026-08-01 17:07:00
P110,Doctor,2026-08-01 17:23:00
P110,Discharge,2026-08-01 17:38:00
P111,Registration,2026-08-01 12:53:00
P111,Triage,2026-08-01 13:14:00
P111,Doctor,2026-08-01 13:51:00
P111,X-Ray,2026-08-01 14:29:00
P111,Triage,2026-08-01 15:07:00
P111,Doctor,2026-08-01 15:45:00
P111,Discharge,2026-08-01 16:24:00
P112,Registration,2026-08-01 18:38:00
P112,Triage,2026-08-01 19:18:00
P112,Doctor,2026-08-01 19:36:00
P112,Discharge,2026-08-01 20:01:00
P113,Registration,2026-08-01 11:00:00
P113,Triage,2026-08-01 11:38:00
P113,Doctor,2026-08-01 12:07:00
P113,X-Ray,2026-08-01 12:26:00
P113,Triage,2026-08-01 13:00:00
P113,Doctor,2026-08-01 13:13:00
P113,Discharge,2026-08-01 13:52:00
P114,Registration,2026-08-01 12:20:00
P114,Triage,2026-08-01 12:44:00
P114,Doctor,2026-08-01 13:09:00
P114,Discharge,2026-08-01 13:20:00
P115,Registration,2026-08-01 13:20:00
P115,Triage,2026-08-01 13:41:00
P115,Doctor,2026-08-01 14:07:00
P115,Discharge,2026-08-01 14:44:00
P116,Registration,2026-08-01 15:19:00
P116,Triage,2026-08-01 15:56:00
P116,Doctor,2026-08-01 16:16:00
P116,X-Ray,2026-08-01 16:46:00
P116,Triage,2026-08-01 17:07:00
P116,Doctor,2026-08-01 17:28:00
P116,Discharge,2026-08-01 17:58:00
P117,Registration,2026-08-01 14:48:00
P117,Triage,2026-08-01 14:59:00
P117,Doctor,2026-08-01 15:33:00
P117,Discharge,2026-08-01 15:48:00
P118,Registration,2026-08-01 15:32:00
P118,Triage,2026-08-01 16:07:00
P118,Doctor,2026-08-01 16:33:00
P118,Discharge,2026-08-01 17:12:00
P119,Registration,2026-08-01 14:34:00
P119,Triage,2026-08-01 15:12:00
P119,Doctor,2026-08-01 15:50:00
P119,Discharge,2026-08-01 16:05:00
P120,Registration,2026-08-01 08:46:00
P120,Triage,2026-08-01 09:23:00
P120,Doctor,2026-08-01 09:45:00
P120,Discharge,2026-08-01 10:13:00
P121,Registration,2026-08-01 10:31:00
P121,Triage,2026-08-01 10:56:00
P121,Doctor,2026-08-01 11:28:00
P121,Discharge,2026-08-01 11:51:00
P122,Registration,2026-08-01 15:23:00
P122,Triage,2026-08-01 15:34:00
P122,Doctor,2026-08-01 15:54:00
P122,Discharge,2026-08-01 16:04:00
P123,Registration,2026-08-01 08:10:00
P123,Triage,2026-08-01 08:34:00
P123,Doctor,2026-08-01 08:48:00
P123,Discharge,2026-08-01 09:06:00
P124,Registration,2026-08-01 12:21:00
P124,Triage,2026-08-01 12:51:00
P124,Doctor,2026-08-01 13:15:00
P124,Discharge,2026-08-01 13:37:00
P125,Registration,2026-08-01 18:33:00
P125,Triage,2026-08-01 19:06:00
P125,Doctor,2026-08-01 19:16:00
P125,Discharge,2026-08-01 19:36:00
P126,Registration,2026-08-01 08:23:00
P126,Triage,2026-08-01 08:33:00
P126,Doctor,2026-08-01 08:56:00
P126,X-Ray,2026-08-01 09:30:00
P126,Triage,2026-08-01 10:00:00
P126,Doctor,2026-08-01 10:27:00
P126,Discharge,2026-08-01 10:48:00
P127,Registration,2026-08-01 16:20:00
P127,Triage,2026-08-01 16:52:00
P127,Doctor,2026-08-01 17:11:00
P127,Discharge,2026-08-01 17:29:00
P128,Registration,2026-08-01 10:03:00
P128,Triage,2026-08-01 10:30:00
P128,Doctor,2026-08-01 11:05:00
P128,X-Ray,2026-08-01 11:25:00
P128,Triage,2026-08-01 12:04:00
P128,Doctor,2026-08-01 12:17:00
P128,Discharge,2026-08-01 12:52:00
P129,Registration,2026-08-01 09:17:00
P129,Triage,2026-08-01 09:41:00
P129,Doctor,2026-08-01 10:13:00
P129,Discharge,2026-08-01 10:42:00
P130,Registration,2026-08-01 12:23:00
P130,Triage,2026-08-01 12:47:00
P130,Doctor,2026-08-01 13:15:00
P130,Discharge,2026-08-01 13:38:00
P131,Registration,2026-08-01 08:07:00
P131,Triage,2026-08-01 08:22:00
P131,Doctor,2026-08-01 08:49:00
P131,X-Ray,2026-08-01 09:16:00
P131,Triage,2026-08-01 09:48:00
P131,Doctor,2026-08-01 10:14:00
P131,Discharge,2026-08-01 10:40:00
P132,Registration,2026-08-01 10:06:00
P132,Triage,2026-08-01 10:30:00
P132,Doctor,2026-08-01 10:40:00
P132,Discharge,2026-08-01 10:54:00
P133,Registration,2026-08-01 09:12:00
P133,Triage,2026-08-01 09:50:00
P133,Doctor,2026-08-01 10:28:00
P133,X-Ray,2026-08-01 10:46:00
P133,Triage,2026-08-01 11:24:00
P133,Doctor,2026-08-01 11:49:00
P133,Discharge,2026-08-01 12:04:00
P134,Registration,2026-08-01 13:51:00
P134,Triage,2026-08-01 14:13:00
P134,Doctor,2026-08-01 14:48:00
P134,X-Ray,2026-08-01 15:11:00
P134,Triage,2026-08-01 15:35:00
P134,Doctor,2026-08-01 16:08:00
P134,Discharge,2026-08-01 16:36:00
P135,Registration,2026-08-01 17:36:00
P135,Triage,2026-08-01 18:04:00
P135,Doctor,2026-08-01 18:29:00
P135,Discharge,2026-08-01 19:00:00
P136,Registration,2026-08-01 13:10:00
P136,Triage,2026-08-01 13:47:00
P136,Doctor,2026-08-01 14:05:00
P136,Discharge,2026-08-01 14:41:00
P137,Registration,2026-08-01 11:34:00
P137,Triage,2026-08-01 12:03:00
P137,Doctor,2026-08-01 12:35:00
P137,X-Ray,2026-08-01 12:47:00
P137,Triage,2026-08-01 13:04:00
P137,Doctor,2026-08-01 13:36:00
P137,Discharge,2026-08-01 14:01:00
P138,Registration,2026-08-01 08:56:00
P138,Triage,2026-08-01 09:34:00
P138,Doctor,2026-08-01 09:47:00
P138,Discharge,2026-08-01 10:03:00
P139,Registration,2026-08-01 12:28:00
P139,Triage,2026-08-01 12:38:00
P139,Doctor,2026-08-01 12:52:00
P139,Discharge,2026-08-01 13:16:00
P140,Registration,2026-08-01 16:00:00
P140,Triage,2026-08-01 16:19:00
P140,Doctor,2026-08-01 16:52:00
P140,Discharge,2026-08-01 17:29:00
P141,Registration,2026-08-01 15:23:00
P141,Triage,2026-08-01 15:40:00
P141,Doctor,2026-08-01 16:06:00
P141,Discharge,2026-08-01 16:20:00
P142,Registration,2026-08-01 15:11:00
P142,Triage,2026-08-01 15:31:00
P142,Doctor,2026-08-01 15:42:00
P142,Discharge,2026-08-01 16:10:00
P143,Registration,2026-08-01 09:45:00
P143,Triage,2026-08-01 10:12:00
P143,Doctor,2026-08-01 10:34:00
P143,Discharge,2026-08-01 10:51:00
P144,Registration,2026-08-01 16:14:00
P144,Triage,2026-08-01 16:48:00
P144,Doctor,2026-08-01 17:28:00
P144,Discharge,2026-08-01 17:55:00
P145,Registration,2026-08-01 11:41:00
P145,Triage,2026-08-01 12:17:00
P145,Doctor,2026-08-01 12:51:00
P145,Discharge,2026-08-01 13:25:00
P146,Registration,2026-08-01 10:42:00
P146,Triage,2026-08-01 10:59:00
P146,Doctor,2026-08-01 11:11:00
P146,Discharge,2026-08-01 11:49:00
P147,Registration,2026-08-01 08:02:00
P147,Triage,2026-08-01 08:17:00
P147,Doctor,2026-08-01 08:51:00
P147,Discharge,2026-08-01 09:04:00
P148,Registration,2026-08-01 10:13:00
P148,Triage,2026-08-01 10:44:00
P148,Doctor,2026-08-01 11:01:00
P148,Discharge,2026-08-01 11:13:00
P149,Registration,2026-08-01 18:29:00
P149,Triage,2026-08-01 18:53:00
P149,Doctor,2026-08-01 19:30:00
P149,X-Ray,2026-08-01 19:50:00
P149,Triage,2026-08-01 20:13:00
P149,Doctor,2026-08-01 20:26:00
P149,Discharge,2026-08-01 20:43:00
P150,Registration,2026-08-01 18:17:00
P150,Triage,2026-08-01 18:56:00
P150,Doctor,2026-08-01 19:11:00
P150,Discharge,2026-08-01 19:42:00
P151,Registration,2026-08-01 15:15:00
P151,Triage,2026-08-01 15:41:00
P151,Doctor,2026-08-01 15:55:00
P151,Discharge,2026-08-01 16:28:00
P152,Registration,2026-08-01 18:51:00
P152,Triage,2026-08-01 19:28:00
P152,Doctor,2026-08-01 19:40:00
P152,Discharge,2026-08-01 20:05:00
P153,Registration,2026-08-01 16:54:00
P153,Triage,2026-08-01 17:08:00
P153,Doctor,2026-08-01 17:24:00
P153,Discharge,2026-08-01 17:37:00
P154,Registration,2026-08-01 11:21:00
P154,Triage,2026-08-01 11:49:00
P154,Doctor,2026-08-01 12:25:00
P154,Discharge,2026-08-01 12:41:00
P155,Registration,2026-08-01 10:14:00
P155,Triage,2026-08-01 10:48:00
P155,Doctor,2026-08-01 10:59:00
P155,X-Ray,2026-08-01 11:15:00
P155,Triage,2026-08-01 11:31:00
P155,Doctor,2026-08-01 12:10:00
P155,Discharge,2026-08-01 12:29:00
P156,Registration,2026-08-01 15:57:00
P156,Triage,2026-08-01 16:33:00
P156,Doctor,2026-08-01 17:10:00
P156,Discharge,2026-08-01 17:43:00
P157,Registration,2026-08-01 11:45:00
P157,Triage,2026-08-01 12:08:00
P157,Doctor,2026-08-01 12:45:00
P157,Discharge,2026-08-01 13:06:00
P158,Registration,2026-08-01 13:39:00
P158,Triage,2026-08-01 14:04:00
P158,Doctor,2026-08-01 14:28:00
P158,X-Ray,2026-08-01 15:07:00
P158,Triage,2026-08-01 15:43:00
P158,Doctor,2026-08-01 16:01:00
P158,Discharge,2026-08-01 16:19:00
P159,Registration,2026-08-01 13:29:00
P159,Triage,2026-08-01 13:59:00
P159,Doctor,2026-08-01 14:37:00
P159,Discharge,2026-08-01 15:04:00
P160,Registration,2026-08-01 09:03:00
P160,Triage,2026-08-01 09:40:00
P160,Doctor,2026-08-01 10:18:00
P160,Discharge,2026-08-01 10:44:00
P161,Registration,2026-08-01 09:00:00
P161,Triage,2026-08-01 09:31:00
P161,Doctor,2026-08-01 10:06:00
P161,Discharge,2026-08-01 10:35:00
P162,Registration,2026-08-01 11:16:00
P162,Triage,2026-08-01 11:47:00
P162,Doctor,2026-08-01 12:26:00
P162,Discharge,2026-08-01 12:40:00
P163,Registration,2026-08-01 11:00:00
P163,Triage,2026-08-01 11:20:00
P163,Doctor,2026-08-01 11:30:00
P163,Discharge,2026-08-01 12:03:00
P164,Registration,2026-08-01 17:00:00
P164,Triage,2026-08-01 17:14:00
P164,Doctor,2026-08-01 17:49:00
P164,X-Ray,2026-08-01 18:24:00
P164,Triage,2026-08-01 19:04:00
P164,Doctor,2026-08-01 19:29:00
P164,Discharge,2026-08-01 20:07:00
P165,Registration,2026-08-01 10:45:00
P165,Triage,2026-08-01 10:59:00
P165,Doctor,2026-08-01 11:29:00
P165,Discharge,2026-08-01 11:50:00
P166,Registration,2026-08-01 08:46:00
P166,Triage,2026-08-01 09:00:00
P166,Doctor,2026-08-01 09:10:00
P166,Discharge,2026-08-01 09:50:00
P167,Registration,2026-08-01 11:59:00
P167,Triage,2026-08-01 12:16:00
P167,Doctor,2026-08-01 12:43:00
P167,X-Ray,2026-08-01 13:14:00
P167,Triage,2026-08-01 13:50:00
P167,Doctor,2026-08-01 14:04:00
P167,Discharge,2026-08-01 14:27:00
P168,Registration,2026-08-01 08:27:00
P168,Triage,2026-08-01 08:59:00
P168,Doctor,2026-08-01 09:15:00
P168,Discharge,2026-08-01 09:40:00
P169,Registration,2026-08-01 14:35:00
P169,Triage,2026-08-01 14:59:00
P169,Doctor,2026-08-01 15:23:00
P169,X-Ray,2026-08-01 15:38:00
P169,Triage,2026-08-01 15:58:00
P169,Doctor,2026-08-01 16:19:00
P169,Discharge,2026-08-01 16:48:00
P170,Registration,2026-08-01 12:47:00
P170,Triage,2026-08-01 13:18:00
P170,Doctor,2026-08-01 13:30:00
P170,Discharge,2026-08-01 14:07:00
P171,Registration,2026-08-01 12:11:00
P171,Triage,2026-08-01 12:33:00
P171,Doctor,2026-08-01 12:52:00
P171,X-Ray,2026-08-01 13:23:00
P171,Triage,2026-08-01 13:56:00
P171,Doctor,2026-08-01 14:32:00
P171,Discharge,2026-08-01 14:48:00
P172,Registration,2026-08-01 14:20:00
P172,Triage,2026-08-01 14:35:00
P172,Doctor,2026-08-01 15:05:00
P172,Discharge,2026-08-01 15:40:00
P173,Registration,2026-08-01 14:13:00
P173,Triage,2026-08-01 14:53:00
P173,Doctor,2026-08-01 15:22:00
P173,Discharge,2026-08-01 15:40:00
P174,Registration,2026-08-01 10:18:00
P174,Triage,2026-08-01 10:43:00
P174,Doctor,2026-08-01 11:17:00
P174,Discharge,2026-08-01 11:28:00
P175,Registration,2026-08-01 13:54:00
P175,Triage,2026-08-01 14:30:00
P175,Doctor,2026-08-01 14:45:00
P175,Discharge,2026-08-01 15:20:00
P176,Registration,2026-08-01 16:16:00
P176,Triage,2026-08-01 16:26:00
P176,Doctor,2026-08-01 16:58:00
P176,X-Ray,2026-08-01 17:11:00
P176,Triage,2026-08-01 17:41:00
P176,Doctor,2026-08-01 17:52:00
P176,Discharge,2026-08-01 18:08:00
P177,Registration,2026-08-01 17:53:00
P177,Triage,2026-08-01 18:04:00
P177,Doctor,2026-08-01 18:43:00
P177,Discharge,2026-08-01 19:21:00
P178,Registration,2026-08-01 12:02:00
P178,Triage,2026-08-01 12:39:00
P178,Doctor,2026-08-01 12:57:00
P178,Discharge,2026-08-01 13:26:00
P179,Registration,2026-08-01 15:14:00
P179,Triage,2026-08-01 15:31:00
P179,Doctor,2026-08-01 15:59:00
P179,Discharge,2026-08-01 16:35:00
P180,Registration,2026-08-01 08:37:00
P180,Triage,2026-08-01 09:12:00
P180,Doctor,2026-08-01 09:29:00
P180,Discharge,2026-08-01 09:49:00
P181,Registration,2026-08-01 09:10:00
P181,Triage,2026-08-01 09:50:00
P181,Doctor,2026-08-01 10:08:00
P181,Discharge,2026-08-01 10:20:00
P182,Registration,2026-08-01 16:44:00
P182,Triage,2026-08-01 17:14:00
P182,Doctor,2026-08-01 17:25:00
P182,Discharge,2026-08-01 17:41:00
P183,Registration,2026-08-01 15:11:00
P183,Triage,2026-08-01 15:35:00
P183,Doctor,2026-08-01 16:08:00
P183,Discharge,2026-08-01 16:48:00
P184,Registration,2026-08-01 11:40:00
P184,Triage,2026-08-01 12:11:00
P184,Doctor,2026-08-01 12:45:00
P184,Discharge,2026-08-01 13:03:00
P185,Registration,2026-08-01 18:52:00
P185,Triage,2026-08-01 19:17:00
P185,Doctor,2026-08-01 19:33:00
P185,Discharge,2026-08-01 20:11:00
P186,Registration,2026-08-01 16:19:00
P186,Triage,2026-08-01 16:55:00
P186,Doctor,2026-08-01 17:13:00
P186,Discharge,2026-08-01 17:49:00
P187,Registration,2026-08-01 09:49:00
P187,Triage,2026-08-01 10:17:00
P187,Doctor,2026-08-01 10:43:00
P187,X-Ray,2026-08-01 11:16:00
P187,Triage,2026-08-01 11:56:00
P187,Doctor,2026-08-01 12:33:00
P187,Discharge,2026-08-01 13:12:00
P188,Registration,2026-08-01 16:18:00
P188,Triage,2026-08-01 16:57:00
P188,Doctor,2026-08-01 17:11:00
P188,Discharge,2026-08-01 17:38:00
P189,Registration,2026-08-01 09:23:00
P189,Triage,2026-08-01 09:54:00
P189,Doctor,2026-08-01 10:26:00
P189,Discharge,2026-08-01 10:54:00
P190,Registration,2026-08-01 16:52:00
P190,Triage,2026-08-01 17:18:00
P190,Doctor,2026-08-01 17:36:00
P190,X-Ray,2026-08-01 17:57:00
P190,Triage,2026-08-01 18:37:00
P190,Doctor,2026-08-01 19:03:00
P190,Discharge,2026-08-01 19:15:00
P191,Registration,2026-08-01 08:34:00
P191,Triage,2026-08-01 08:44:00
P191,Doctor,2026-08-01 08:54:00
P191,Discharge,2026-08-01 09:23:00
P192,Registration,2026-08-01 12:55:00
P192,Triage,2026-08-01 13:25:00
P192,Doctor,2026-08-01 14:02:00
P192,Discharge,2026-08-01 14:38:00
P193,Registration,2026-08-01 16:36:00
P193,Triage,2026-08-01 16:48:00
P193,Doctor,2026-08-01 17:27:00
P193,Discharge,2026-08-01 17:57:00
P194,Registration,2026-08-01 13:17:00
P194,Triage,2026-08-01 13:35:00
P194,Doctor,2026-08-01 13:47:00
P194,X-Ray,2026-08-01 14:12:00
P194,Triage,2026-08-01 14:33:00
P194,Doctor,2026-08-01 14:51:00
P194,Discharge,2026-08-01 15:13:00
P195,Registration,2026-08-01 14:01:00
P195,Triage,2026-08-01 14:29:00
P195,Doctor,2026-08-01 14:53:00
P195,Discharge,2026-08-01 15:27:00
P196,Registration,2026-08-01 13:15:00
P196,Triage,2026-08-01 13:32:00
P196,Doctor,2026-08-01 13:56:00
P196,Discharge,2026-08-01 14:19:00
P197,Registration,2026-08-01 17:54:00
P197,Triage,2026-08-01 18:12:00
P197,Doctor,2026-08-01 18:26:00
P197,Discharge,2026-08-01 19:01:00
P198,Registration,2026-08-01 13:03:00
P198,Triage,2026-08-01 13:39:00
P198,Doctor,2026-08-01 13:54:00
P198,Discharge,2026-08-01 14:30:00
P199,Registration,2026-08-01 11:04:00
P199,Triage,2026-08-01 11:23:00
P199,Doctor,2026-08-01 11:42:00
P199,Discharge,2026-08-01 12:18:00
P200,Registration,2026-08-01 17:32:00
P200,Triage,2026-08-01 17:57:00
P200,Doctor,2026-08-01 18:11:00
P200,Discharge,2026-08-01 18:28:00
P201,Registration,2026-08-01 12:47:00
P201,Triage,2026-08-01 13:25:00
P201,Doctor,2026-08-01 13:50:00
P201,X-Ray,2026-08-01 14:15:00
P201,Triage,2026-08-01 14:49:00
P201,Doctor,2026-08-01 15:09:00
P201,Discharge,2026-08-01 15:42:00
P202,Registration,2026-08-01 11:47:00
P202,Triage,2026-08-01 12:27:00
P202,Doctor,2026-08-01 12:39:00
P202,Discharge,2026-08-01 13:10:00
P203,Registration,2026-08-01 16:15:00
P203,Triage,2026-08-01 16:34:00
P203,Doctor,2026-08-01 16:50:00
P203,Discharge,2026-08-01 17:15:00
P204,Registration,2026-08-01 10:55:00
P204,Triage,2026-08-01 11:13:00
P204,Doctor,2026-08-01 11:26:00
P204,Discharge,2026-08-01 12:03:00
P205,Registration,2026-08-01 15:24:00
P205,Triage,2026-08-01 15:46:00
P205,Doctor,2026-08-01 16:02:00
P205,Discharge,2026-08-01 16:38:00
P206,Registration,2026-08-01 14:17:00
P206,Triage,2026-08-01 14:52:00
P206,Doctor,2026-08-01 15:26:00
P206,X-Ray,2026-08-01 15:54:00
P206,Triage,2026-08-01 16:18:00
P206,Doctor,2026-08-01 16:35:00
P206,Discharge,2026-08-01 16:59:00
P207,Registration,2026-08-01 10:25:00
P207,Triage,2026-08-01 10:35:00
P207,Doctor,2026-08-01 10:48:00
P207,Discharge,2026-08-01 11:01:00
P208,Registration,2026-08-01 17:06:00
P208,Triage,2026-08-01 17:36:00
P208,Doctor,2026-08-01 18:12:00
P208,Discharge,2026-08-01 18:22:00
P209,Registration,2026-08-01 11:54:00
P209,Triage,2026-08-01 12:18:00
P209,Doctor,2026-08-01 12:47:00
P209,Discharge,2026-08-01 13:05:00
P210,Registration,2026-08-01 10:46:00
P210,Triage,2026-08-01 11:09:00
P210,Doctor,2026-08-01 11:39:00
P210,Discharge,2026-08-01 11:57:00
P211,Registration,2026-08-01 15:55:00
P211,Triage,2026-08-01 16:08:00
P211,Doctor,2026-08-01 16:38:00
P211,Discharge,2026-08-01 16:59:00
P212,Registration,2026-08-01 13:50:00
P212,Triage,2026-08-01 14:13:00
P212,Doctor,2026-08-01 14:32:00
P212,Discharge,2026-08-01 14:50:00
P213,Registration,2026-08-01 13:42:00
P213,Triage,2026-08-01 14:08:00
P213,Doctor,2026-08-01 14:42:00
P213,Discharge,2026-08-01 15:04:00
P214,Registration,2026-08-01 17:29:00
P214,Triage,2026-08-01 18:00:00
P214,Doctor,2026-08-01 18:11:00
P214,Discharge,2026-08-01 18:34:00
P215,Registration,2026-08-01 17:50:00
P215,Triage,2026-08-01 18:22:00
P215,Doctor,2026-08-01 18:40:00
P215,X-Ray,2026-08-01 19:09:00
P215,Triage,2026-08-01 19:34:00
P215,Doctor,2026-08-01 20:02:00
P215,Discharge,2026-08-01 20:16:00
P216,Registration,2026-08-01 09:12:00
P216,Triage,2026-08-01 09:33:00
P216,Doctor,2026-08-01 09:44:00
P216,Discharge,2026-08-01 10:21:00
P217,Registration,2026-08-01 12:17:00
P217,Triage,2026-08-01 12:41:00
P217,Doctor,2026-08-01 13:00:00
P217,Discharge,2026-08-01 13:23:00
P218,Registration,2026-08-01 15:08:00
P218,Triage,2026-08-01 15:37:00
P218,Doctor,2026-08-01 15:48:00
P218,Discharge,2026-08-01 16:16:00
P219,Registration,2026-08-01 17:56:00
P219,Triage,2026-08-01 18:36:00
P219,Doctor,2026-08-01 19:02:00
P219,Discharge,2026-08-01 19:29:00
P220,Registration,2026-08-01 13:16:00
P220,Triage,2026-08-01 13:35:00
P220,Doctor,2026-08-01 13:51:00
P220,Discharge,2026-08-01 14:27:00
P221,Registration,2026-08-01 08:15:00
P221,Triage,2026-08-01 08:37:00
P221,Doctor,2026-08-01 09:00:00
P221,Discharge,2026-08-01 09:13:00
P222,Registration,2026-08-01 12:16:00
P222,Triage,2026-08-01 12:42:00
P222,Doctor,2026-08-01 13:08:00
P222,Discharge,2026-08-01 13:48:00
P223,Registration,2026-08-01 15:14:00
P223,Triage,2026-08-01 15:35:00
P223,Doctor,2026-08-01 15:54:00
P223,Discharge,2026-08-01 16:34:00
P224,Registration,2026-08-01 14:39:00
P224,Triage,2026-08-01 15:00:00
P224,Doctor,2026-08-01 15:27:00
P224,Discharge,2026-08-01 16:04:00
P225,Registration,2026-08-01 13:24:00
P225,Triage,2026-08-01 13:39:00
P225,Doctor,2026-08-01 14:11:00
P225,Discharge,2026-08-01 14:46:00
P226,Registration,2026-08-01 17:38:00
P226,Triage,2026-08-01 18:02:00
P226,Doctor,2026-08-01 18:29:00
P226,Discharge,2026-08-01 18:43:00
P227,Registration,2026-08-01 13:18:00
P227,Triage,2026-08-01 13:38:00
P227,Doctor,2026-08-01 13:49:00
P227,Discharge,2026-08-01 14:11:00
P228,Registration,2026-08-01 10:05:00
P228,Triage,2026-08-01 10:44:00
P228,Doctor,2026-08-01 10:57:00
P228,Discharge,2026-08-01 11:08:00
P229,Registration,2026-08-01 08:51:00
P229,Triage,2026-08-01 09:16:00
P229,Doctor,2026-08-01 09:55:00
P229,X-Ray,2026-08-01 10:29:00
P229,Triage,2026-08-01 10:39:00
P229,Doctor,2026-08-01 11:14:00
P229,Discharge,2026-08-01 11:25:00
P230,Registration,2026-08-01 08:01:00
P230,Triage,2026-08-01 08:39:00
P230,Doctor,2026-08-01 09:03:00
P230,Discharge,2026-08-01 09:16:00
P231,Registration,2026-08-01 17:43:00
P231,Triage,2026-08-01 18:09:00
P231,Doctor,2026-08-01 18:47:00
P231,Discharge,2026-08-01 19:27:00
P232,Registration,2026-08-01 17:56:00
P232,Triage,2026-08-01 18:07:00
P232,Doctor,2026-08-01 18:33:00
P232,Discharge,2026-08-01 19:12:00
P233,Registration,2026-08-01 14:02:00
P233,Triage,2026-08-01 14:14:00
P233,Doctor,2026-08-01 14:38:00
P233,Discharge,2026-08-01 15:13:00
P234,Registration,2026-08-01 12:00:00
P234,Triage,2026-08-01 12:22:00
P234,Doctor,2026-08-01 12:38:00
P234,X-Ray,2026-08-01 13:09:00
P234,Triage,2026-08-01 13:37:00
P234,Doctor,2026-08-01 14:10:00
P234,Discharge,2026-08-01 14:26:00
P235,Registration,2026-08-01 14:49:00
P235,Triage,2026-08-01 15:15:00
P235,Doctor,2026-08-01 15:40:00
P235,X-Ray,2026-08-01 15:51:00
P235,Triage,2026-08-01 16:01:00
P235,Doctor,2026-08-01 16:27:00
P235,Discharge,2026-08-01 16:44:00
P236,Registration,2026-08-01 10:35:00
P236,Triage,2026-08-01 10:45:00
P236,Doctor,2026-08-01 11:16:00
P236,Discharge,2026-08-01 11:44:00
P237,Registration,2026-08-01 09:15:00
P237,Triage,2026-08-01 09:49:00
P237,Doctor,2026-08-01 10:05:00
P237,Discharge,2026-08-01 10:25:00
P238,Registration,2026-08-01 12:02:00
P238,Triage,2026-08-01 12:22:00
P238,Doctor,2026-08-01 13:01:00
P238,Discharge,2026-08-01 13:31:00
P239,Registration,2026-08-01 16:10:00
P239,Triage,2026-08-01 16:41:00
P239,Doctor,2026-08-01 17:03:00
P239,Discharge,2026-08-01 17:13:00
P240,Registration,2026-08-01 11:14:00
P240,Triage,2026-08-01 11:52:00
P240,Doctor,2026-08-01 12:25:00
P240,Discharge,2026-08-01 13:00:00
P241,Registration,2026-08-01 16:46:00
P241,Triage,2026-08-01 17:07:00
P241,Doctor,2026-08-01 17:37:00
P241,Discharge,2026-08-01 18:05:00
P242,Registration,2026-08-01 08:37:00
P242,Triage,2026-08-01 08:52:00
P242,Doctor,2026-08-01 09:08:00
P242,Discharge,2026-08-01 09:30:00
P243,Registration,2026-08-01 11:16:00
P243,Triage,2026-08-01 11:38:00
P243,Doctor,2026-08-01 12:11:00
P243,X-Ray,2026-08-01 12:28:00
P243,Triage,2026-08-01 12:42:00
P243,Doctor,2026-08-01 12:59:00
P243,Discharge,2026-08-01 13:28:00
P244,Registration,2026-08-01 11:06:00
P244,Triage,2026-08-01 11:30:00
P244,Doctor,2026-08-01 11:58:00
P244,Discharge,2026-08-01 12:22:00
P245,Registration,2026-08-01 17:49:00
P245,Triage,2026-08-01 18:05:00
P245,Doctor,2026-08-01 18:41:00
P245,Discharge,2026-08-01 19:08:00
P246,Registration,2026-08-01 16:49:00
P246,Triage,2026-08-01 17:07:00
P246,Doctor,2026-08-01 17:37:00
P246,Discharge,2026-08-01 18:16:00
P247,Registration,2026-08-01 15:17:00
P247,Triage,2026-08-01 15:46:00
P247,Doctor,2026-08-01 16:24:00
P247,Discharge,2026-08-01 16:58:00
P248,Registration,2026-08-01 18:37:00
P248,Triage,2026-08-01 18:49:00
P248,Doctor,2026-08-01 19:15:00
P248,Discharge,2026-08-01 19:45:00
P249,Registration,2026-08-01 10:12:00
P249,Triage,2026-08-01 10:36:00
P249,Doctor,2026-08-01 11:12:00
P249,Discharge,2026-08-01 11:33:00
P250,Registration,2026-08-01 13:46:00
P250,Triage,2026-08-01 14:24:00
P250,Doctor,2026-08-01 14:45:00
P250,Discharge,2026-08-01 15:06:00
P251,Registration,2026-08-01 14:59:00
P251,Triage,2026-08-01 15:35:00
P251,Doctor,2026-08-01 15:58:00
P251,Discharge,2026-08-01 16:19:00
P252,Registration,2026-08-01 15:06:00
P252,Triage,2026-08-01 15:18:00
P252,Doctor,2026-08-01 15:50:00
P252,Discharge,2026-08-01 16:10:00
P253,Registration,2026-08-01 16:43:00
P253,Triage,2026-08-01 17:03:00
P253,Doctor,2026-08-01 17:24:00
P253,X-Ray,2026-08-01 17:47:00
P253,Triage,2026-08-01 18:15:00
P253,Doctor,2026-08-01 18:26:00
P253,Discharge,2026-08-01 18:56:00
P254,Registration,2026-08-01 11:34:00
P254,Triage,2026-08-01 11:51:00
P254,Doctor,2026-08-01 12:04:00
P254,Discharge,2026-08-01 12:35:00
P255,Registration,2026-08-01 16:40:00
P255,Triage,2026-08-01 17:00:00
P255,Doctor,2026-08-01 17:16:00
P255,Discharge,2026-08-01 17:53:00
P256,Registration,2026-08-01 09:19:00
P256,Triage,2026-08-01 09:38:00
P256,Doctor,2026-08-01 10:00:00
P256,Discharge,2026-08-01 10:25:00
P257,Registration,2026-08-01 09:14:00
P257,Triage,2026-08-01 09:42:00
P257,Doctor,2026-08-01 10:01:00
P257,Discharge,2026-08-01 10:32:00
P258,Registration,2026-08-01 13:01:00
P258,Triage,2026-08-01 13:38:00
P258,Doctor,2026-08-01 14:15:00
P258,X-Ray,2026-08-01 14:34:00
P258,Triage,2026-08-01 15:08:00
P258,Doctor,2026-08-01 15:21:00
P258,Discharge,2026-08-01 15:49:00
P259,Registration,2026-08-01 09:12:00
P259,Triage,2026-08-01 09:51:00
P259,Doctor,2026-08-01 10:05:00
P259,X-Ray,2026-08-01 10:24:00
P259,Triage,2026-08-01 11:00:00
P259,Doctor,2026-08-01 11:32:00
P259,Discharge,2026-08-01 12:08:00
P260,Registration,2026-08-01 17:53:00
P260,Triage,2026-08-01 18:22:00
P260,Doctor,2026-08-01 18:35:00
P260,Discharge,2026-08-01 19:12:00
P261,Registration,2026-08-01 18:26:00
P261,Triage,2026-08-01 18:45:00
P261,Doctor,2026-08-01 19:18:00
P261,X-Ray,2026-08-01 19:29:00
P261,Triage,2026-08-01 20:01:00
P261,Doctor,2026-08-01 20:30:00
P261,Discharge,2026-08-01 21:07:00
P262,Registration,2026-08-01 18:28:00
P262,Triage,2026-08-01 18:45:00
P262,Doctor,2026-08-01 19:10:00
P262,Discharge,2026-08-01 19:26:00
P263,Registration,2026-08-01 11:46:00
P263,Triage,2026-08-01 11:57:00
P263,Doctor,2026-08-01 12:36:00
P263,Discharge,2026-08-01 13:15:00
P264,Registration,2026-08-01 15:02:00
P264,Triage,2026-08-01 15:18:00
P264,Doctor,2026-08-01 15:54:00
P264,Discharge,2026-08-01 16:13:00
P265,Registration,2026-08-01 10:20:00
P265,Triage,2026-08-01 10:51:00
P265,Doctor,2026-08-01 11:30:00
P265,Discharge,2026-08-01 11:58:00
P266,Registration,2026-08-01 09:49:00
P266,Triage,2026-08-01 10:07:00
P266,Doctor,2026-08-01 10:27:00
P266,X-Ray,2026-08-01 10:37:00
P266,Triage,2026-08-01 10:58:00
P266,Doctor,2026-08-01 11:34:00
P266,Discharge,2026-08-01 11:48:00
P267,Registration,2026-08-01 15:26:00
P267,Triage,2026-08-01 16:00:00
P267,Doctor,2026-08-01 16:10:00
P267,Discharge,2026-08-01 16:23:00
P268,Registration,2026-08-01 13:21:00
P268,Triage,2026-08-01 13:59:00
P268,Doctor,2026-08-01 14:17:00
P268,Discharge,2026-08-01 14:43:00
P269,Registration,2026-08-01 09:49:00
P269,Triage,2026-08-01 10:24:00
P269,Doctor,2026-08-01 11:00:00
P269,Discharge,2026-08-01 11:33:00
P270,Registration,2026-08-01 13:06:00
P270,Triage,2026-08-01 13:38:00
P270,Doctor,2026-08-01 14:13:00
P270,Discharge,2026-08-01 14:47:00
P271,Registration,2026-08-01 09:56:00
P271,Triage,2026-08-01 10:26:00
P271,Doctor,2026-08-01 10:58:00
P271,Discharge,2026-08-01 11:26:00
P272,Registration,2026-08-01 17:35:00
P272,Triage,2026-08-01 17:57:00
P272,Doctor,2026-08-01 18:32:00
P272,Discharge,2026-08-01 18:43:00
P273,Registration,2026-08-01 14:04:00
P273,Triage,2026-08-01 14:30:00
P273,Doctor,2026-08-01 14:46:00
P273,Discharge,2026-08-01 15:13:00
P274,Registration,2026-08-01 09:10:00
P274,Triage,2026-08-01 09:34:00
P274,Doctor,2026-08-01 09:48:00
P274,Discharge,2026-08-01 09:58:00
P275,Registration,2026-08-01 14:24:00
P275,Triage,2026-08-01 14:35:00
P275,Doctor,2026-08-01 14:51:00
P275,X-Ray,2026-08-01 15:12:00
P275,Triage,2026-08-01 15:32:00
P275,Doctor,2026-08-01 16:06:00
P275,Discharge,2026-08-01 16:28:00
P276,Registration,2026-08-01 18:50:00
P276,Triage,2026-08-01 19:05:00
P276,Doctor,2026-08-01 19:25:00
P276,Discharge,2026-08-01 19:46:00
P277,Registration,2026-08-01 14:28:00
P277,Triage,2026-08-01 14:42:00
P277,Doctor,2026-08-01 14:53:00
P277,Discharge,2026-08-01 15:10:00
P278,Registration,2026-08-01 12:35:00
P278,Triage,2026-08-01 13:00:00
P278,Doctor,2026-08-01 13:10:00
P278,Discharge,2026-08-01 13:26:00
P279,Registration,2026-08-01 15:24:00
P279,Triage,2026-08-01 15:41:00
P279,Doctor,2026-08-01 15:58:00
P279,Discharge,2026-08-01 16:30:00
P280,Registration,2026-08-01 17:08:00
P280,Triage,2026-08-01 17:19:00
P280,Doctor,2026-08-01 17:32:00
P280,Discharge,2026-08-01 17:42:00
P281,Registration,2026-08-01 12:51:00
P281,Triage,2026-08-01 13:07:00
P281,Doctor,2026-08-01 13:45:00
P281,Discharge,2026-08-01 14:15:00
P282,Registration,2026-08-01 12:01:00
P282,Triage,2026-08-01 12:24:00
P282,Doctor,2026-08-01 12:58:00
P282,Discharge,2026-08-01 13:32:00
P283,Registration,2026-08-01 10:19:00
P283,Triage,2026-08-01 10:59:00
P283,Doctor,2026-08-01 11:33:00
P283,Discharge,2026-08-01 11:46:00
P284,Registration,2026-08-01 11:37:00
P284,Triage,2026-08-01 12:12:00
P284,Doctor,2026-08-01 12:38:00
P284,Discharge,2026-08-01 13:11:00
P285,Registration,2026-08-01 11:14:00
P285,Triage,2026-08-01 11:35:00
P285,Doctor,2026-08-01 11:54:00
P285,X-Ray,2026-08-01 12:12:00
P285,Triage,2026-08-01 12:23:00
P285,Doctor,2026-08-01 12:58:00
P285,Discharge,2026-08-01 13:27:00
P286,Registration,2026-08-01 14:02:00
P286,Triage,2026-08-01 14:40:00
P286,Doctor,2026-08-01 14:50:00
P286,Discharge,2026-08-01 15:23:00
P287,Registration,2026-08-01 11:58:00
P287,Triage,2026-08-01 12:29:00
P287,Doctor,2026-08-01 12:44:00
P287,Discharge,2026-08-01 13:08:00
P288,Registration,2026-08-01 17:11:00
P288,Triage,2026-08-01 17:29:00
P288,Doctor,2026-08-01 17:54:00
P288,Discharge,2026-08-01 18:13:00
P289,Registration,2026-08-01 11:53:00
P289,Triage,2026-08-01 12:06:00
P289,Doctor,2026-08-01 12:40:00
P289,Discharge,2026-08-01 13:01:00
P290,Registration,2026-08-01 12:50:00
P290,Triage,2026-08-01 13:11:00
P290,Doctor,2026-08-01 13:22:00
P290,Discharge,2026-08-01 13:42:00
P291,Registration,2026-08-01 10:17:00
P291,Triage,2026-08-01 10:55:00
P291,Doctor,2026-08-01 11:07:00
P291,Discharge,2026-08-01 11:45:00
P292,Registration,2026-08-01 13:00:00
P292,Triage,2026-08-01 13:13:00
P292,Doctor,2026-08-01 13:25:00
P292,X-Ray,2026-08-01 13:48:00
P292,Triage,2026-08-01 14:19:00
P292,Doctor,2026-08-01 14:53:00
P292,Discharge,2026-08-01 15:14:00
P293,Registration,2026-08-01 13:03:00
P293,Triage,2026-08-01 13:28:00
P293,Doctor,2026-08-01 13:43:00
P293,Discharge,2026-08-01 14:01:00
P294,Registration,2026-08-01 14:21:00
P294,Triage,2026-08-01 14:58:00
P294,Doctor,2026-08-01 15:22:00
P294,Discharge,2026-08-01 15:33:00
P295,Registration,2026-08-01 11:59:00
P295,Triage,2026-08-01 12:17:00
P295,Doctor,2026-08-01 12:42:00
P295,Discharge,2026-08-01 13:12:00
P296,Registration,2026-08-01 18:18:00
P296,Triage,2026-08-01 18:47:00
P296,Doctor,2026-08-01 19:08:00
P296,X-Ray,2026-08-01 19:48:00
P296,Triage,2026-08-01 20:11:00
P296,Doctor,2026-08-01 20:36:00
P296,Discharge,2026-08-01 21:13:00
P297,Registration,2026-08-01 11:08:00
P297,Triage,2026-08-01 11:39:00
P297,Doctor,2026-08-01 11:53:00
P297,Discharge,2026-08-01 12:33:00
P298,Registration,2026-08-01 10:53:00
P298,Triage,2026-08-01 11:17:00
P298,Doctor,2026-08-01 11:32:00
P298,Discharge,2026-08-01 12:11:00
P299,Registration,2026-08-01 15:47:00
P299,Triage,2026-08-01 16:13:00
P299,Doctor,2026-08-01 16:49:00
P299,Discharge,2026-08-01 17:06:00
P300,Registration,2026-08-01 08:01:00
P300,Triage,2026-08-01 08:22:00
P300,Doctor,2026-08-01 08:45:00
P300,Discharge,2026-08-01 09:09:00
