case_id,activity_name,activity_count
P006,Doctor,2
P006,Triage,2
P008,Doctor,2
P008,Triage,2
P010,Doctor,2
P010,Triage,2
P011,Doctor,2
P011,Triage,2
P014,Doctor,2
P014,Triage,2
P021,Doctor,2
P021,Triage,2
P023,Doctor,2
P023,Triage,2
P026,Doctor,2
P026,Triage,2
P027,Doctor,2
P027,Triage,2
P028,Doctor,2
P028,Triage,2
P035,Doctor,2
P035,Triage,2
P036,Doctor,2
P036,Triage,2
P040,Doctor,2
P040,Triage,2
P042,Doctor,2
P042,Triage,2
P043,Doctor,2
P043,Triage,2
P047,Doctor,2
P047,Triage,2
P051,Doctor,2
P051,Triage,2
P057,Doctor,2
P057,Triage,2
P062,Doctor,2
P062,Triage,2
P064,Doctor,2
P064,Triage,2
P068,Doctor,2
P068,Triage,2
P070,Doctor,2
P070,Triage,2
P071,Doctor,2
P071,Triage,2
P074,Doctor,2
P074,Triage,2
P080,Doctor,2
P080,Triage,2
P082,Doctor,2
P082,Triage,2
P083,Doctor,2
P083,Triage,2
P084,Doctor,2
P084,Triage,2
P085,Doctor,2
P085,Triage,2
P086,Doctor,2
P086,Triage,2
P096,Doctor,2
P096,Triage,2
P097,Doctor,2
P097,Triage,2
P111,Doctor,2
P111,Triage,2
P113,Doctor,2
P113,Triage,2
P116,Doctor,2
P116,Triage,2
P126,Doctor,2
P126,Triage,2
P128,Doctor,2
P128,Triage,2
P131,Doctor,2
P131,Triage,2
P133,Doctor,2
P133,Triage,2
P134,Doctor,2
P134,Triage,2
P137,Doctor,2
P137,Triage,2
P149,Doctor,2
P149,Triage,2
P155,Doctor,2
P155,Triage,2
P158,Doctor,2
P158,Triage,2
P164,Doctor,2
P164,Triage,2
P167,Doctor,2
P167,Triage,2
P169,Doctor,2
P169,Triage,2
P171,Doctor,2
P171,Triage,2
P176,Doctor,2
P176,Triage,2
P187,Doctor,2
P187,Triage,2
P190,Doctor,2
P190,Triage,2
P194,Doctor,2
P194,Triage,2
P201,Doctor,2
P201,Triage,2
P206,Doctor,2
P206,Triage,2
P215,Doctor,2
P215,Triage,2
P229,Doctor,2
P229,Triage,2
P234,Doctor,2
P234,Triage,2
P235,Doctor,2
P235,Triage,2
P243,Doctor,2
P243,Triage,2
P253,Doctor,2
P253,Triage,2
P258,Doctor,2
P258,Triage,2
P259,Doctor,2
P259,Triage,2
P261,Doctor,2
P261,Triage,2
P266,Doctor,2
P266,Triage,2
P275,Doctor,2
P275,Triage,2
P285,Doctor,2
P285,Triage,2
P292,Doctor,2
P292,Triage,2
P296,Doctor,2
P296,Triage,2
